indicator,country,countryiso3code,date,value,unit,obs_status,decimal,data_mode
"{'id': 'IT.NET.USER.ZS', 'value': 'Individuals using the Internet (% of population)'}","{'id': 'ID', 'value': 'Indonesia'}",IDN,1960,,,,1,fallback_demo
"{'id': 'IT.NET.USER.ZS', 'value': 'Individuals using the Internet (% of population)'}","{'id': 'ID', 'value': 'Indonesia'}",IDN,1961,,,,1,fallback_demo
"{'id': 'IT.NET.USER.ZS', 'value': 'Individuals using the Internet (% of population)'}","{'id': 'ID', 'value': 'Indonesia'}",IDN,1962,,,,1,fallback_demo
"{'id': 'IT.NET.USER.ZS', 'value': 'Individuals using the Internet (% of population)'}","{'id': 'ID', 'value': 'Indonesia'}",IDN,1963,,,,1,fallback_demo
"{'id': 'IT.NET.USER.ZS', 'value': 'Individuals using the Internet (% of population)'}","{'id': 'ID', 'value': 'Indonesia'}",IDN,1964,,,,1,fallback_demo
"{'id': 'IT.NET.USER.ZS', 'value': 'Individuals using the Internet (% of population)'}","{'id': 'ID', 'value': 'Indonesia'}",IDN,1965,,,,1,fallback_demo
"{'id': 'IT.NET.USER.ZS', 'value': 'Individuals using the Internet (% of population)'}","{'id': 'ID', 'value': 'Indonesia'}",IDN,1966,,,,1,fallback_demo
"{'id': 'IT.NET.USER.ZS', 'value': 'Individuals using the Internet (% of population)'}","{'id': 'ID', 'value': 'Indonesia'}",IDN,1967,,,,1,fallback_demo
"{'id': 'IT.NET.USER.ZS', 'value': 'Individuals using the Internet (% of population)'}","{'id': 'ID', 'value': 'Indonesia'}",IDN,1968,,,,1,fallback_demo
"{'id': 'IT.NET.USER.ZS', 'value': 'Individuals using the Internet (% of population)'}","{'id': 'ID', 'value': 'Indonesia'}",IDN,1969,,,,1,fallback_demo
"{'id': 'IT.NET.USER.ZS', 'value': 'Individuals using the Internet (% of population)'}","{'id': 'ID', 'value': 'Indonesia'}",IDN,1970,,,,1,fallback_demo
"{'id': 'IT.NET.USER.ZS', 'value': 'Individuals using the Internet (% of population)'}","{'id': 'ID', 'value': 'Indonesia'}",IDN,1971,,,,1,fallback_demo
"{'id': 'IT.NET.USER.ZS', 'value': 'Individuals using the Internet (% of population)'}","{'id': 'ID', 'value': 'Indonesia'}",IDN,1972,,,,1,fallback_demo
"{'id': 'IT.NET.USER.ZS', 'value': 'Individuals using the Internet (% of population)'}","{'id': 'ID', 'value': 'Indonesia'}",IDN,1973,,,,1,fallback_demo
"{'id': 'IT.NET.USER.ZS', 'value': 'Individuals using the Internet (% of population)'}","{'id': 'ID', 'value': 'Indonesia'}",IDN,1974,,,,1,fallback_demo
"{'id': 'IT.NET.USER.ZS', 'value': 'Individuals using the Internet (% of population)'}","{'id': 'ID', 'value': 'Indonesia'}",IDN,1975,,,,1,fallback_demo
"{'id': 'IT.NET.USER.ZS', 'value': 'Individuals using the Internet (% of population)'}","{'id': 'ID', 'value': 'Indonesia'}",IDN,1976,,,,1,fallback_demo
"{'id': 'IT.NET.USER.ZS', 'value': 'Individuals using the Internet (% of population)'}","{'id': 'ID', 'value': 'Indonesia'}",IDN,1977,,,,1,fallback_demo
"{'id': 'IT.NET.USER.ZS', 'value': 'Individuals using the Internet (% of population)'}","{'id': 'ID', 'value': 'Indonesia'}",IDN,1978,,,,1,fallback_demo
"{'id': 'IT.NET.USER.ZS', 'value': 'Individuals using the Internet (% of population)'}","{'id': 'ID', 'value': 'Indonesia'}",IDN,1979,,,,1,fallback_demo
"{'id': 'IT.NET.USER.ZS', 'value': 'Individuals using the Internet (% of population)'}","{'id': 'ID', 'value': 'Indonesia'}",IDN,1980,7.9729,,,1,fallback_demo
"{'id': 'IT.NET.USER.ZS', 'value': 'Individuals using the Internet (% of population)'}","{'id': 'ID', 'value': 'Indonesia'}",IDN,1981,9.0108,,,1,fallback_demo
"{'id': 'IT.NET.USER.ZS', 'value': 'Individuals using the Internet (% of population)'}","{'id': 'ID', 'value': 'Indonesia'}",IDN,1982,10.1244,,,1,fallback_demo
"{'id': 'IT.NET.USER.ZS', 'value': 'Individuals using the Internet (% of population)'}","{'id': 'ID', 'value': 'Indonesia'}",IDN,1983,11.3164,,,1,fallback_demo
"{'id': 'IT.NET.USER.ZS', 'value': 'Individuals using the Internet (% of population)'}","{'id': 'ID', 'value': 'Indonesia'}",IDN,1984,12.5896,,,1,fallback_demo
"{'id': 'IT.NET.USER.ZS', 'value': 'Individuals using the Internet (% of population)'}","{'id': 'ID', 'value': 'Indonesia'}",IDN,1985,13.9462,,,1,fallback_demo
"{'id': 'IT.NET.USER.ZS', 'value': 'Individuals using the Internet (% of population)'}","{'id': 'ID', 'value': 'Indonesia'}",IDN,1986,15.3879,,,1,fallback_demo
"{'id': 'IT.NET.USER.ZS', 'value': 'Individuals using the Internet (% of population)'}","{'id': 'ID', 'value': 'Indonesia'}",IDN,1987,16.9159,,,1,fallback_demo
"{'id': 'IT.NET.USER.ZS', 'value': 'Individuals using the Internet (% of population)'}","{'id': 'ID', 'value': 'Indonesia'}",IDN,1988,18.5308,,,1,fallback_demo
"{'id': 'IT.NET.USER.ZS', 'value': 'Individuals using the Internet (% of population)'}","{'id': 'ID', 'value': 'Indonesia'}",IDN,1989,20.232,,,1,fallback_demo
"{'id': 'IT.NET.USER.ZS', 'value': 'Individuals using the Internet (% of population)'}","{'id': 'ID', 'value': 'Indonesia'}",IDN,1990,22.0186,,,1,fallback_demo
"{'id': 'IT.NET.USER.ZS', 'value': 'Individuals using the Internet (% of population)'}","{'id': 'ID', 'value': 'Indonesia'}",IDN,1991,23.8885,,,1,fallback_demo
"{'id': 'IT.NET.USER.ZS', 'value': 'Individuals using the Internet (% of population)'}","{'id': 'ID', 'value': 'Indonesia'}",IDN,1992,25.8385,,,1,fallback_demo
"{'id': 'IT.NET.USER.ZS', 'value': 'Individuals using the Internet (% of population)'}","{'id': 'ID', 'value': 'Indonesia'}",IDN,1993,27.8646,,,1,fallback_demo
"{'id': 'IT.NET.USER.ZS', 'value': 'Individuals using the Internet (% of population)'}","{'id': 'ID', 'value': 'Indonesia'}",IDN,1994,29.9617,,,1,fallback_demo
"{'id': 'IT.NET.USER.ZS', 'value': 'Individuals using the Internet (% of population)'}","{'id': 'ID', 'value': 'Indonesia'}",IDN,1995,32.1237,,,1,fallback_demo
"{'id': 'IT.NET.USER.ZS', 'value': 'Individuals using the Internet (% of population)'}","{'id': 'ID', 'value': 'Indonesia'}",IDN,1996,34.3433,,,1,fallback_demo
"{'id': 'IT.NET.USER.ZS', 'value': 'Individuals using the Internet (% of population)'}","{'id': 'ID', 'value': 'Indonesia'}",IDN,1997,36.6127,,,1,fallback_demo
"{'id': 'IT.NET.USER.ZS', 'value': 'Individuals using the Internet (% of population)'}","{'id': 'ID', 'value': 'Indonesia'}",IDN,1998,38.9228,,,1,fallback_demo
"{'id': 'IT.NET.USER.ZS', 'value': 'Individuals using the Internet (% of population)'}","{'id': 'ID', 'value': 'Indonesia'}",IDN,1999,41.2642,,,1,fallback_demo
"{'id': 'IT.NET.USER.ZS', 'value': 'Individuals using the Internet (% of population)'}","{'id': 'ID', 'value': 'Indonesia'}",IDN,2000,43.6268,,,1,fallback_demo
"{'id': 'IT.NET.USER.ZS', 'value': 'Individuals using the Internet (% of population)'}","{'id': 'ID', 'value': 'Indonesia'}",IDN,2001,46.0,,,1,fallback_demo
"{'id': 'IT.NET.USER.ZS', 'value': 'Individuals using the Internet (% of population)'}","{'id': 'ID', 'value': 'Indonesia'}",IDN,2002,48.3732,,,1,fallback_demo
"{'id': 'IT.NET.USER.ZS', 'value': 'Individuals using the Internet (% of population)'}","{'id': 'ID', 'value': 'Indonesia'}",IDN,2003,50.7358,,,1,fallback_demo
"{'id': 'IT.NET.USER.ZS', 'value': 'Individuals using the Internet (% of population)'}","{'id': 'ID', 'value': 'Indonesia'}",IDN,2004,53.0772,,,1,fallback_demo
"{'id': 'IT.NET.USER.ZS', 'value': 'Individuals using the Internet (% of population)'}","{'id': 'ID', 'value': 'Indonesia'}",IDN,2005,55.3873,,,1,fallback_demo
"{'id': 'IT.NET.USER.ZS', 'value': 'Individuals using the Internet (% of population)'}","{'id': 'ID', 'value': 'Indonesia'}",IDN,2006,57.6567,,,1,fallback_demo
"{'id': 'IT.NET.USER.ZS', 'value': 'Individuals using the Internet (% of population)'}","{'id': 'ID', 'value': 'Indonesia'}",IDN,2007,59.8763,,,1,fallback_demo
"{'id': 'IT.NET.USER.ZS', 'value': 'Individuals using the Internet (% of population)'}","{'id': 'ID', 'value': 'Indonesia'}",IDN,2008,62.0383,,,1,fallback_demo
"{'id': 'IT.NET.USER.ZS', 'value': 'Individuals using the Internet (% of population)'}","{'id': 'ID', 'value': 'Indonesia'}",IDN,2009,64.1354,,,1,fallback_demo
"{'id': 'IT.NET.USER.ZS', 'value': 'Individuals using the Internet (% of population)'}","{'id': 'ID', 'value': 'Indonesia'}",IDN,2010,66.1615,,,1,fallback_demo
"{'id': 'IT.NET.USER.ZS', 'value': 'Individuals using the Internet (% of population)'}","{'id': 'ID', 'value': 'Indonesia'}",IDN,2011,68.1115,,,1,fallback_demo
"{'id': 'IT.NET.USER.ZS', 'value': 'Individuals using the Internet (% of population)'}","{'id': 'ID', 'value': 'Indonesia'}",IDN,2012,69.9814,,,1,fallback_demo
"{'id': 'IT.NET.USER.ZS', 'value': 'Individuals using the Internet (% of population)'}","{'id': 'ID', 'value': 'Indonesia'}",IDN,2013,71.768,,,1,fallback_demo
"{'id': 'IT.NET.USER.ZS', 'value': 'Individuals using the Internet (% of population)'}","{'id': 'ID', 'value': 'Indonesia'}",IDN,2014,73.4692,,,1,fallback_demo
"{'id': 'IT.NET.USER.ZS', 'value': 'Individuals using the Internet (% of population)'}","{'id': 'ID', 'value': 'Indonesia'}",IDN,2015,75.0841,,,1,fallback_demo
"{'id': 'IT.NET.USER.ZS', 'value': 'Individuals using the Internet (% of population)'}","{'id': 'ID', 'value': 'Indonesia'}",IDN,2016,76.6121,,,1,fallback_demo
"{'id': 'IT.NET.USER.ZS', 'value': 'Individuals using the Internet (% of population)'}","{'id': 'ID', 'value': 'Indonesia'}",IDN,2017,78.0538,,,1,fallback_demo
"{'id': 'IT.NET.USER.ZS', 'value': 'Individuals using the Internet (% of population)'}","{'id': 'ID', 'value': 'Indonesia'}",IDN,2018,79.4104,,,1,fallback_demo
"{'id': 'IT.NET.USER.ZS', 'value': 'Individuals using the Internet (% of population)'}","{'id': 'ID', 'value': 'Indonesia'}",IDN,2019,80.6836,,,1,fallback_demo
"{'id': 'IT.NET.USER.ZS', 'value': 'Individuals using the Internet (% of population)'}","{'id': 'ID', 'value': 'Indonesia'}",IDN,2020,81.8756,,,1,fallback_demo
"{'id': 'IT.NET.USER.ZS', 'value': 'Individuals using the Internet (% of population)'}","{'id': 'ID', 'value': 'Indonesia'}",IDN,2021,82.9892,,,1,fallback_demo
"{'id': 'IT.NET.USER.ZS', 'value': 'Individuals using the Internet (% of population)'}","{'id': 'ID', 'value': 'Indonesia'}",IDN,2022,84.0271,,,1,fallback_demo
"{'id': 'IT.NET.USER.ZS', 'value': 'Individuals using the Internet (% of population)'}","{'id': 'ID', 'value': 'Indonesia'}",IDN,2023,84.9927,,,1,fallback_demo
"{'id': 'IT.NET.USER.ZS', 'value': 'Individuals using the Internet (% of population)'}","{'id': 'ID', 'value': 'Indonesia'}",IDN,2024,85.8894,,,1,fallback_demo
"{'id': 'IT.NET.USER.ZS', 'value': 'Individuals using the Internet (% of population)'}","{'id': 'MY', 'value': 'Malaysia'}",MYS,1960,,,,1,fallback_demo
"{'id': 'IT.NET.USER.ZS', 'value': 'Individuals using the Internet (% of population)'}","{'id': 'MY', 'value': 'Malaysia'}",MYS,1961,,,,1,fallback_demo
"{'id': 'IT.NET.USER.ZS', 'value': 'Individuals using the Internet (% of population)'}","{'id': 'MY', 'value': 'Malaysia'}",MYS,1962,,,,1,fallback_demo
"{'id': 'IT.NET.USER.ZS', 'value': 'Individuals using the Internet (% of population)'}","{'id': 'MY', 'value': 'Malaysia'}",MYS,1963,,,,1,fallback_demo
"{'id': 'IT.NET.USER.ZS', 'value': 'Individuals using the Internet (% of population)'}","{'id': 'MY', 'value': 'Malaysia'}",MYS,1964,,,,1,fallback_demo
"{'id': 'IT.NET.USER.ZS', 'value': 'Individuals using the Internet (% of population)'}","{'id': 'MY', 'value': 'Malaysia'}",MYS,1965,,,,1,fallback_demo
"{'id': 'IT.NET.USER.ZS', 'value': 'Individuals using the Internet (% of population)'}","{'id': 'MY', 'value': 'Malaysia'}",MYS,1966,,,,1,fallback_demo
"{'id': 'IT.NET.USER.ZS', 'value': 'Individuals using the Internet (% of population)'}","{'id': 'MY', 'value': 'Malaysia'}",MYS,1967,,,,1,fallback_demo
"{'id': 'IT.NET.USER.ZS', 'value': 'Individuals using the Internet (% of population)'}","{'id': 'MY', 'value': 'Malaysia'}",MYS,1968,,,,1,fallback_demo
"{'id': 'IT.NET.USER.ZS', 'value': 'Individuals using the Internet (% of population)'}","{'id': 'MY', 'value': 'Malaysia'}",MYS,1969,,,,1,fallback_demo
"{'id': 'IT.NET.USER.ZS', 'value': 'Individuals using the Internet (% of population)'}","{'id': 'MY', 'value': 'Malaysia'}",MYS,1970,,,,1,fallback_demo
"{'id': 'IT.NET.USER.ZS', 'value': 'Individuals using the Internet (% of population)'}","{'id': 'MY', 'value': 'Malaysia'}",MYS,1971,,,,1,fallback_demo
"{'id': 'IT.NET.USER.ZS', 'value': 'Individuals using the Internet (% of population)'}","{'id': 'MY', 'value': 'Malaysia'}",MYS,1972,,,,1,fallback_demo
"{'id': 'IT.NET.USER.ZS', 'value': 'Individuals using the Internet (% of population)'}","{'id': 'MY', 'value': 'Malaysia'}",MYS,1973,,,,1,fallback_demo
"{'id': 'IT.NET.USER.ZS', 'value': 'Individuals using the Internet (% of population)'}","{'id': 'MY', 'value': 'Malaysia'}",MYS,1974,,,,1,fallback_demo
"{'id': 'IT.NET.USER.ZS', 'value': 'Individuals using the Internet (% of population)'}","{'id': 'MY', 'value': 'Malaysia'}",MYS,1975,,,,1,fallback_demo
"{'id': 'IT.NET.USER.ZS', 'value': 'Individuals using the Internet (% of population)'}","{'id': 'MY', 'value': 'Malaysia'}",MYS,1976,,,,1,fallback_demo
"{'id': 'IT.NET.USER.ZS', 'value': 'Individuals using the Internet (% of population)'}","{'id': 'MY', 'value': 'Malaysia'}",MYS,1977,,,,1,fallback_demo
"{'id': 'IT.NET.USER.ZS', 'value': 'Individuals using the Internet (% of population)'}","{'id': 'MY', 'value': 'Malaysia'}",MYS,1978,,,,1,fallback_demo
"{'id': 'IT.NET.USER.ZS', 'value': 'Individuals using the Internet (% of population)'}","{'id': 'MY', 'value': 'Malaysia'}",MYS,1979,,,,1,fallback_demo
"{'id': 'IT.NET.USER.ZS', 'value': 'Individuals using the Internet (% of population)'}","{'id': 'MY', 'value': 'Malaysia'}",MYS,1980,4.6978,,,1,fallback_demo
"{'id': 'IT.NET.USER.ZS', 'value': 'Individuals using the Internet (% of population)'}","{'id': 'MY', 'value': 'Malaysia'}",MYS,1981,5.6123,,,1,fallback_demo
"{'id': 'IT.NET.USER.ZS', 'value': 'Individuals using the Internet (% of population)'}","{'id': 'MY', 'value': 'Malaysia'}",MYS,1982,6.6046,,,1,fallback_demo
"{'id': 'IT.NET.USER.ZS', 'value': 'Individuals using the Internet (% of population)'}","{'id': 'MY', 'value': 'Malaysia'}",MYS,1983,7.6792,,,1,fallback_demo
"{'id': 'IT.NET.USER.ZS', 'value': 'Individuals using the Internet (% of population)'}","{'id': 'MY', 'value': 'Malaysia'}",MYS,1984,8.8404,,,1,fallback_demo
"{'id': 'IT.NET.USER.ZS', 'value': 'Individuals using the Internet (% of population)'}","{'id': 'MY', 'value': 'Malaysia'}",MYS,1985,10.0921,,,1,fallback_demo
"{'id': 'IT.NET.USER.ZS', 'value': 'Individuals using the Internet (% of population)'}","{'id': 'MY', 'value': 'Malaysia'}",MYS,1986,11.4379,,,1,fallback_demo
"{'id': 'IT.NET.USER.ZS', 'value': 'Individuals using the Internet (% of population)'}","{'id': 'MY', 'value': 'Malaysia'}",MYS,1987,12.881,,,1,fallback_demo
"{'id': 'IT.NET.USER.ZS', 'value': 'Individuals using the Internet (% of population)'}","{'id': 'MY', 'value': 'Malaysia'}",MYS,1988,14.4236,,,1,fallback_demo
"{'id': 'IT.NET.USER.ZS', 'value': 'Individuals using the Internet (% of population)'}","{'id': 'MY', 'value': 'Malaysia'}",MYS,1989,16.0675,,,1,fallback_demo
"{'id': 'IT.NET.USER.ZS', 'value': 'Individuals using the Internet (% of population)'}","{'id': 'MY', 'value': 'Malaysia'}",MYS,1990,17.8133,,,1,fallback_demo
"{'id': 'IT.NET.USER.ZS', 'value': 'Individuals using the Internet (% of population)'}","{'id': 'MY', 'value': 'Malaysia'}",MYS,1991,19.6608,,,1,fallback_demo
"{'id': 'IT.NET.USER.ZS', 'value': 'Individuals using the Internet (% of population)'}","{'id': 'MY', 'value': 'Malaysia'}",MYS,1992,21.6084,,,1,fallback_demo
"{'id': 'IT.NET.USER.ZS', 'value': 'Individuals using the Internet (% of population)'}","{'id': 'MY', 'value': 'Malaysia'}",MYS,1993,23.6534,,,1,fallback_demo
"{'id': 'IT.NET.USER.ZS', 'value': 'Individuals using the Internet (% of population)'}","{'id': 'MY', 'value': 'Malaysia'}",MYS,1994,25.7915,,,1,fallback_demo
"{'id': 'IT.NET.USER.ZS', 'value': 'Individuals using the Internet (% of population)'}","{'id': 'MY', 'value': 'Malaysia'}",MYS,1995,28.0173,,,1,fallback_demo
"{'id': 'IT.NET.USER.ZS', 'value': 'Individuals using the Internet (% of population)'}","{'id': 'MY', 'value': 'Malaysia'}",MYS,1996,30.3236,,,1,fallback_demo
"{'id': 'IT.NET.USER.ZS', 'value': 'Individuals using the Internet (% of population)'}","{'id': 'MY', 'value': 'Malaysia'}",MYS,1997,32.7022,,,1,fallback_demo
"{'id': 'IT.NET.USER.ZS', 'value': 'Individuals using the Internet (% of population)'}","{'id': 'MY', 'value': 'Malaysia'}",MYS,1998,35.1433,,,1,fallback_demo
"{'id': 'IT.NET.USER.ZS', 'value': 'Individuals using the Internet (% of population)'}","{'id': 'MY', 'value': 'Malaysia'}",MYS,1999,37.6359,,,1,fallback_demo
"{'id': 'IT.NET.USER.ZS', 'value': 'Individuals using the Internet (% of population)'}","{'id': 'MY', 'value': 'Malaysia'}",MYS,2000,40.1681,,,1,fallback_demo
"{'id': 'IT.NET.USER.ZS', 'value': 'Individuals using the Internet (% of population)'}","{'id': 'MY', 'value': 'Malaysia'}",MYS,2001,42.7273,,,1,fallback_demo
"{'id': 'IT.NET.USER.ZS', 'value': 'Individuals using the Internet (% of population)'}","{'id': 'MY', 'value': 'Malaysia'}",MYS,2002,45.3,,,1,fallback_demo
"{'id': 'IT.NET.USER.ZS', 'value': 'Individuals using the Internet (% of population)'}","{'id': 'MY', 'value': 'Malaysia'}",MYS,2003,47.8727,,,1,fallback_demo
"{'id': 'IT.NET.USER.ZS', 'value': 'Individuals using the Internet (% of population)'}","{'id': 'MY', 'value': 'Malaysia'}",MYS,2004,50.4319,,,1,fallback_demo
"{'id': 'IT.NET.USER.ZS', 'value': 'Individuals using the Internet (% of population)'}","{'id': 'MY', 'value': 'Malaysia'}",MYS,2005,52.9641,,,1,fallback_demo
"{'id': 'IT.NET.USER.ZS', 'value': 'Individuals using the Internet (% of population)'}","{'id': 'MY', 'value': 'Malaysia'}",MYS,2006,55.4567,,,1,fallback_demo
"{'id': 'IT.NET.USER.ZS', 'value': 'Individuals using the Internet (% of population)'}","{'id': 'MY', 'value': 'Malaysia'}",MYS,2007,57.8978,,,1,fallback_demo
"{'id': 'IT.NET.USER.ZS', 'value': 'Individuals using the Internet (% of population)'}","{'id': 'MY', 'value': 'Malaysia'}",MYS,2008,60.2764,,,1,fallback_demo
"{'id': 'IT.NET.USER.ZS', 'value': 'Individuals using the Internet (% of population)'}","{'id': 'MY', 'value': 'Malaysia'}",MYS,2009,62.5827,,,1,fallback_demo
"{'id': 'IT.NET.USER.ZS', 'value': 'Individuals using the Internet (% of population)'}","{'id': 'MY', 'value': 'Malaysia'}",MYS,2010,64.8085,,,1,fallback_demo
"{'id': 'IT.NET.USER.ZS', 'value': 'Individuals using the Internet (% of population)'}","{'id': 'MY', 'value': 'Malaysia'}",MYS,2011,66.9466,,,1,fallback_demo
"{'id': 'IT.NET.USER.ZS', 'value': 'Individuals using the Internet (% of population)'}","{'id': 'MY', 'value': 'Malaysia'}",MYS,2012,68.9916,,,1,fallback_demo
"{'id': 'IT.NET.USER.ZS', 'value': 'Individuals using the Internet (% of population)'}","{'id': 'MY', 'value': 'Malaysia'}",MYS,2013,70.9392,,,1,fallback_demo
"{'id': 'IT.NET.USER.ZS', 'value': 'Individuals using the Internet (% of population)'}","{'id': 'MY', 'value': 'Malaysia'}",MYS,2014,72.7867,,,1,fallback_demo
"{'id': 'IT.NET.USER.ZS', 'value': 'Individuals using the Internet (% of population)'}","{'id': 'MY', 'value': 'Malaysia'}",MYS,2015,74.5325,,,1,fallback_demo
"{'id': 'IT.NET.USER.ZS', 'value': 'Individuals using the Internet (% of population)'}","{'id': 'MY', 'value': 'Malaysia'}",MYS,2016,76.1764,,,1,fallback_demo
"{'id': 'IT.NET.USER.ZS', 'value': 'Individuals using the Internet (% of population)'}","{'id': 'MY', 'value': 'Malaysia'}",MYS,2017,77.719,,,1,fallback_demo
"{'id': 'IT.NET.USER.ZS', 'value': 'Individuals using the Internet (% of population)'}","{'id': 'MY', 'value': 'Malaysia'}",MYS,2018,79.1621,,,1,fallback_demo
"{'id': 'IT.NET.USER.ZS', 'value': 'Individuals using the Internet (% of population)'}","{'id': 'MY', 'value': 'Malaysia'}",MYS,2019,80.5079,,,1,fallback_demo
"{'id': 'IT.NET.USER.ZS', 'value': 'Individuals using the Internet (% of population)'}","{'id': 'MY', 'value': 'Malaysia'}",MYS,2020,81.7596,,,1,fallback_demo
"{'id': 'IT.NET.USER.ZS', 'value': 'Individuals using the Internet (% of population)'}","{'id': 'MY', 'value': 'Malaysia'}",MYS,2021,82.9208,,,1,fallback_demo
"{'id': 'IT.NET.USER.ZS', 'value': 'Individuals using the Internet (% of population)'}","{'id': 'MY', 'value': 'Malaysia'}",MYS,2022,83.9954,,,1,fallback_demo
"{'id': 'IT.NET.USER.ZS', 'value': 'Individuals using the Internet (% of population)'}","{'id': 'MY', 'value': 'Malaysia'}",MYS,2023,84.9877,,,1,fallback_demo
"{'id': 'IT.NET.USER.ZS', 'value': 'Individuals using the Internet (% of population)'}","{'id': 'MY', 'value': 'Malaysia'}",MYS,2024,85.9022,,,1,fallback_demo
"{'id': 'IT.NET.USER.ZS', 'value': 'Individuals using the Internet (% of population)'}","{'id': 'SG', 'value': 'Singapore'}",SGP,1960,,,,1,fallback_demo
"{'id': 'IT.NET.USER.ZS', 'value': 'Individuals using the Internet (% of population)'}","{'id': 'SG', 'value': 'Singapore'}",SGP,1961,,,,1,fallback_demo
"{'id': 'IT.NET.USER.ZS', 'value': 'Individuals using the Internet (% of population)'}","{'id': 'SG', 'value': 'Singapore'}",SGP,1962,,,,1,fallback_demo
"{'id': 'IT.NET.USER.ZS', 'value': 'Individuals using the Internet (% of population)'}","{'id': 'SG', 'value': 'Singapore'}",SGP,1963,,,,1,fallback_demo
"{'id': 'IT.NET.USER.ZS', 'value': 'Individuals using the Internet (% of population)'}","{'id': 'SG', 'value': 'Singapore'}",SGP,1964,,,,1,fallback_demo
"{'id': 'IT.NET.USER.ZS', 'value': 'Individuals using the Internet (% of population)'}","{'id': 'SG', 'value': 'Singapore'}",SGP,1965,,,,1,fallback_demo
"{'id': 'IT.NET.USER.ZS', 'value': 'Individuals using the Internet (% of population)'}","{'id': 'SG', 'value': 'Singapore'}",SGP,1966,,,,1,fallback_demo
"{'id': 'IT.NET.USER.ZS', 'value': 'Individuals using the Internet (% of population)'}","{'id': 'SG', 'value': 'Singapore'}",SGP,1967,,,,1,fallback_demo
"{'id': 'IT.NET.USER.ZS', 'value': 'Individuals using the Internet (% of population)'}","{'id': 'SG', 'value': 'Singapore'}",SGP,1968,,,,1,fallback_demo
"{'id': 'IT.NET.USER.ZS', 'value': 'Individuals using the Internet (% of population)'}","{'id': 'SG', 'value': 'Singapore'}",SGP,1969,,,,1,fallback_demo
"{'id': 'IT.NET.USER.ZS', 'value': 'Individuals using the Internet (% of population)'}","{'id': 'SG', 'value': 'Singapore'}",SGP,1970,,,,1,fallback_demo
"{'id': 'IT.NET.USER.ZS', 'value': 'Individuals using the Internet (% of population)'}","{'id': 'SG', 'value': 'Singapore'}",SGP,1971,,,,1,fallback_demo
"{'id': 'IT.NET.USER.ZS', 'value': 'Individuals using the Internet (% of population)'}","{'id': 'SG', 'value': 'Singapore'}",SGP,1972,,,,1,fallback_demo
"{'id': 'IT.NET.USER.ZS', 'value': 'Individuals using the Internet (% of population)'}","{'id': 'SG', 'value': 'Singapore'}",SGP,1973,,,,1,fallback_demo
"{'id': 'IT.NET.USER.ZS', 'value': 'Individuals using the Internet (% of population)'}","{'id': 'SG', 'value': 'Singapore'}",SGP,1974,,,,1,fallback_demo
"{'id': 'IT.NET.USER.ZS', 'value': 'Individuals using the Internet (% of population)'}","{'id': 'SG', 'value': 'Singapore'}",SGP,1975,,,,1,fallback_demo
"{'id': 'IT.NET.USER.ZS', 'value': 'Individuals using the Internet (% of population)'}","{'id': 'SG', 'value': 'Singapore'}",SGP,1976,,,,1,fallback_demo
"{'id': 'IT.NET.USER.ZS', 'value': 'Individuals using the Internet (% of population)'}","{'id': 'SG', 'value': 'Singapore'}",SGP,1977,,,,1,fallback_demo
"{'id': 'IT.NET.USER.ZS', 'value': 'Individuals using the Internet (% of population)'}","{'id': 'SG', 'value': 'Singapore'}",SGP,1978,,,,1,fallback_demo
"{'id': 'IT.NET.USER.ZS', 'value': 'Individuals using the Internet (% of population)'}","{'id': 'SG', 'value': 'Singapore'}",SGP,1979,,,,1,fallback_demo
"{'id': 'IT.NET.USER.ZS', 'value': 'Individuals using the Internet (% of population)'}","{'id': 'SG', 'value': 'Singapore'}",SGP,1980,1.8225,,,1,fallback_demo
"{'id': 'IT.NET.USER.ZS', 'value': 'Individuals using the Internet (% of population)'}","{'id': 'SG', 'value': 'Singapore'}",SGP,1981,2.6026,,,1,fallback_demo
"{'id': 'IT.NET.USER.ZS', 'value': 'Individuals using the Internet (% of population)'}","{'id': 'SG', 'value': 'Singapore'}",SGP,1982,3.4588,,,1,fallback_demo
"{'id': 'IT.NET.USER.ZS', 'value': 'Individuals using the Internet (% of population)'}","{'id': 'SG', 'value': 'Singapore'}",SGP,1983,4.3969,,,1,fallback_demo
"{'id': 'IT.NET.USER.ZS', 'value': 'Individuals using the Internet (% of population)'}","{'id': 'SG', 'value': 'Singapore'}",SGP,1984,5.4225,,,1,fallback_demo
"{'id': 'IT.NET.USER.ZS', 'value': 'Individuals using the Internet (% of population)'}","{'id': 'SG', 'value': 'Singapore'}",SGP,1985,6.5413,,,1,fallback_demo
"{'id': 'IT.NET.USER.ZS', 'value': 'Individuals using the Internet (% of population)'}","{'id': 'SG', 'value': 'Singapore'}",SGP,1986,7.7587,,,1,fallback_demo
"{'id': 'IT.NET.USER.ZS', 'value': 'Individuals using the Internet (% of population)'}","{'id': 'SG', 'value': 'Singapore'}",SGP,1987,9.0798,,,1,fallback_demo
"{'id': 'IT.NET.USER.ZS', 'value': 'Individuals using the Internet (% of population)'}","{'id': 'SG', 'value': 'Singapore'}",SGP,1988,10.5092,,,1,fallback_demo
"{'id': 'IT.NET.USER.ZS', 'value': 'Individuals using the Internet (% of population)'}","{'id': 'SG', 'value': 'Singapore'}",SGP,1989,12.0509,,,1,fallback_demo
"{'id': 'IT.NET.USER.ZS', 'value': 'Individuals using the Internet (% of population)'}","{'id': 'SG', 'value': 'Singapore'}",SGP,1990,13.7081,,,1,fallback_demo
"{'id': 'IT.NET.USER.ZS', 'value': 'Individuals using the Internet (% of population)'}","{'id': 'SG', 'value': 'Singapore'}",SGP,1991,15.4829,,,1,fallback_demo
"{'id': 'IT.NET.USER.ZS', 'value': 'Individuals using the Internet (% of population)'}","{'id': 'SG', 'value': 'Singapore'}",SGP,1992,17.3761,,,1,fallback_demo
"{'id': 'IT.NET.USER.ZS', 'value': 'Individuals using the Internet (% of population)'}","{'id': 'SG', 'value': 'Singapore'}",SGP,1993,19.3871,,,1,fallback_demo
"{'id': 'IT.NET.USER.ZS', 'value': 'Individuals using the Internet (% of population)'}","{'id': 'SG', 'value': 'Singapore'}",SGP,1994,21.5138,,,1,fallback_demo
"{'id': 'IT.NET.USER.ZS', 'value': 'Individuals using the Internet (% of population)'}","{'id': 'SG', 'value': 'Singapore'}",SGP,1995,23.7523,,,1,fallback_demo
"{'id': 'IT.NET.USER.ZS', 'value': 'Individuals using the Internet (% of population)'}","{'id': 'SG', 'value': 'Singapore'}",SGP,1996,26.0967,,,1,fallback_demo
"{'id': 'IT.NET.USER.ZS', 'value': 'Individuals using the Internet (% of population)'}","{'id': 'SG', 'value': 'Singapore'}",SGP,1997,28.5393,,,1,fallback_demo
"{'id': 'IT.NET.USER.ZS', 'value': 'Individuals using the Internet (% of population)'}","{'id': 'SG', 'value': 'Singapore'}",SGP,1998,31.0705,,,1,fallback_demo
"{'id': 'IT.NET.USER.ZS', 'value': 'Individuals using the Internet (% of population)'}","{'id': 'SG', 'value': 'Singapore'}",SGP,1999,33.6788,,,1,fallback_demo
"{'id': 'IT.NET.USER.ZS', 'value': 'Individuals using the Internet (% of population)'}","{'id': 'SG', 'value': 'Singapore'}",SGP,2000,36.3511,,,1,fallback_demo
"{'id': 'IT.NET.USER.ZS', 'value': 'Individuals using the Internet (% of population)'}","{'id': 'SG', 'value': 'Singapore'}",SGP,2001,39.0727,,,1,fallback_demo
"{'id': 'IT.NET.USER.ZS', 'value': 'Individuals using the Internet (% of population)'}","{'id': 'SG', 'value': 'Singapore'}",SGP,2002,41.8278,,,1,fallback_demo
"{'id': 'IT.NET.USER.ZS', 'value': 'Individuals using the Internet (% of population)'}","{'id': 'SG', 'value': 'Singapore'}",SGP,2003,44.6,,,1,fallback_demo
"{'id': 'IT.NET.USER.ZS', 'value': 'Individuals using the Internet (% of population)'}","{'id': 'SG', 'value': 'Singapore'}",SGP,2004,47.3722,,,1,fallback_demo
"{'id': 'IT.NET.USER.ZS', 'value': 'Individuals using the Internet (% of population)'}","{'id': 'SG', 'value': 'Singapore'}",SGP,2005,50.1273,,,1,fallback_demo
"{'id': 'IT.NET.USER.ZS', 'value': 'Individuals using the Internet (% of population)'}","{'id': 'SG', 'value': 'Singapore'}",SGP,2006,52.8489,,,1,fallback_demo
"{'id': 'IT.NET.USER.ZS', 'value': 'Individuals using the Internet (% of population)'}","{'id': 'SG', 'value': 'Singapore'}",SGP,2007,55.5212,,,1,fallback_demo
"{'id': 'IT.NET.USER.ZS', 'value': 'Individuals using the Internet (% of population)'}","{'id': 'SG', 'value': 'Singapore'}",SGP,2008,58.1295,,,1,fallback_demo
"{'id': 'IT.NET.USER.ZS', 'value': 'Individuals using the Internet (% of population)'}","{'id': 'SG', 'value': 'Singapore'}",SGP,2009,60.6607,,,1,fallback_demo
"{'id': 'IT.NET.USER.ZS', 'value': 'Individuals using the Internet (% of population)'}","{'id': 'SG', 'value': 'Singapore'}",SGP,2010,63.1033,,,1,fallback_demo
"{'id': 'IT.NET.USER.ZS', 'value': 'Individuals using the Internet (% of population)'}","{'id': 'SG', 'value': 'Singapore'}",SGP,2011,65.4477,,,1,fallback_demo
"{'id': 'IT.NET.USER.ZS', 'value': 'Individuals using the Internet (% of population)'}","{'id': 'SG', 'value': 'Singapore'}",SGP,2012,67.6862,,,1,fallback_demo
"{'id': 'IT.NET.USER.ZS', 'value': 'Individuals using the Internet (% of population)'}","{'id': 'SG', 'value': 'Singapore'}",SGP,2013,69.8129,,,1,fallback_demo
"{'id': 'IT.NET.USER.ZS', 'value': 'Individuals using the Internet (% of population)'}","{'id': 'SG', 'value': 'Singapore'}",SGP,2014,71.8239,,,1,fallback_demo
"{'id': 'IT.NET.USER.ZS', 'value': 'Individuals using the Internet (% of population)'}","{'id': 'SG', 'value': 'Singapore'}",SGP,2015,73.7171,,,1,fallback_demo
"{'id': 'IT.NET.USER.ZS', 'value': 'Individuals using the Internet (% of population)'}","{'id': 'SG', 'value': 'Singapore'}",SGP,2016,75.4919,,,1,fallback_demo
"{'id': 'IT.NET.USER.ZS', 'value': 'Individuals using the Internet (% of population)'}","{'id': 'SG', 'value': 'Singapore'}",SGP,2017,77.1491,,,1,fallback_demo
"{'id': 'IT.NET.USER.ZS', 'value': 'Individuals using the Internet (% of population)'}","{'id': 'SG', 'value': 'Singapore'}",SGP,2018,78.6908,,,1,fallback_demo
"{'id': 'IT.NET.USER.ZS', 'value': 'Individuals using the Internet (% of population)'}","{'id': 'SG', 'value': 'Singapore'}",SGP,2019,80.1202,,,1,fallback_demo
"{'id': 'IT.NET.USER.ZS', 'value': 'Individuals using the Internet (% of population)'}","{'id': 'SG', 'value': 'Singapore'}",SGP,2020,81.4413,,,1,fallback_demo
"{'id': 'IT.NET.USER.ZS', 'value': 'Individuals using the Internet (% of population)'}","{'id': 'SG', 'value': 'Singapore'}",SGP,2021,82.6587,,,1,fallback_demo
"{'id': 'IT.NET.USER.ZS', 'value': 'Individuals using the Internet (% of population)'}","{'id': 'SG', 'value': 'Singapore'}",SGP,2022,83.7775,,,1,fallback_demo
"{'id': 'IT.NET.USER.ZS', 'value': 'Individuals using the Internet (% of population)'}","{'id': 'SG', 'value': 'Singapore'}",SGP,2023,84.8031,,,1,fallback_demo
"{'id': 'IT.NET.USER.ZS', 'value': 'Individuals using the Internet (% of population)'}","{'id': 'SG', 'value': 'Singapore'}",SGP,2024,85.7412,,,1,fallback_demo
"{'id': 'IT.NET.USER.ZS', 'value': 'Individuals using the Internet (% of population)'}","{'id': 'TH', 'value': 'Thailand'}",THA,1960,,,,1,fallback_demo
"{'id': 'IT.NET.USER.ZS', 'value': 'Individuals using the Internet (% of population)'}","{'id': 'TH', 'value': 'Thailand'}",THA,1961,,,,1,fallback_demo
"{'id': 'IT.NET.USER.ZS', 'value': 'Individuals using the Internet (% of population)'}","{'id': 'TH', 'value': 'Thailand'}",THA,1962,,,,1,fallback_demo
"{'id': 'IT.NET.USER.ZS', 'value': 'Individuals using the Internet (% of population)'}","{'id': 'TH', 'value': 'Thailand'}",THA,1963,,,,1,fallback_demo
"{'id': 'IT.NET.USER.ZS', 'value': 'Individuals using the Internet (% of population)'}","{'id': 'TH', 'value': 'Thailand'}",THA,1964,,,,1,fallback_demo
"{'id': 'IT.NET.USER.ZS', 'value': 'Individuals using the Internet (% of population)'}","{'id': 'TH', 'value': 'Thailand'}",THA,1965,,,,1,fallback_demo
"{'id': 'IT.NET.USER.ZS', 'value': 'Individuals using the Internet (% of population)'}","{'id': 'TH', 'value': 'Thailand'}",THA,1966,,,,1,fallback_demo
"{'id': 'IT.NET.USER.ZS', 'value': 'Individuals using the Internet (% of population)'}","{'id': 'TH', 'value': 'Thailand'}",THA,1967,,,,1,fallback_demo
"{'id': 'IT.NET.USER.ZS', 'value': 'Individuals using the Internet (% of population)'}","{'id': 'TH', 'value': 'Thailand'}",THA,1968,,,,1,fallback_demo
"{'id': 'IT.NET.USER.ZS', 'value': 'Individuals using the Internet (% of population)'}","{'id': 'TH', 'value': 'Thailand'}",THA,1969,,,,1,fallback_demo
"{'id': 'IT.NET.USER.ZS', 'value': 'Individuals using the Internet (% of population)'}","{'id': 'TH', 'value': 'Thailand'}",THA,1970,,,,1,fallback_demo
"{'id': 'IT.NET.USER.ZS', 'value': 'Individuals using the Internet (% of population)'}","{'id': 'TH', 'value': 'Thailand'}",THA,1971,,,,1,fallback_demo
"{'id': 'IT.NET.USER.ZS', 'value': 'Individuals using the Internet (% of population)'}","{'id': 'TH', 'value': 'Thailand'}",THA,1972,,,,1,fallback_demo
"{'id': 'IT.NET.USER.ZS', 'value': 'Individuals using the Internet (% of population)'}","{'id': 'TH', 'value': 'Thailand'}",THA,1973,,,,1,fallback_demo
"{'id': 'IT.NET.USER.ZS', 'value': 'Individuals using the Internet (% of population)'}","{'id': 'TH', 'value': 'Thailand'}",THA,1974,,,,1,fallback_demo
"{'id': 'IT.NET.USER.ZS', 'value': 'Individuals using the Internet (% of population)'}","{'id': 'TH', 'value': 'Thailand'}",THA,1975,,,,1,fallback_demo
"{'id': 'IT.NET.USER.ZS', 'value': 'Individuals using the Internet (% of population)'}","{'id': 'TH', 'value': 'Thailand'}",THA,1976,,,,1,fallback_demo
"{'id': 'IT.NET.USER.ZS', 'value': 'Individuals using the Internet (% of population)'}","{'id': 'TH', 'value': 'Thailand'}",THA,1977,,,,1,fallback_demo
"{'id': 'IT.NET.USER.ZS', 'value': 'Individuals using the Internet (% of population)'}","{'id': 'TH', 'value': 'Thailand'}",THA,1978,,,,1,fallback_demo
"{'id': 'IT.NET.USER.ZS', 'value': 'Individuals using the Internet (% of population)'}","{'id': 'TH', 'value': 'Thailand'}",THA,1979,,,,1,fallback_demo
"{'id': 'IT.NET.USER.ZS', 'value': 'Individuals using the Internet (% of population)'}","{'id': 'TH', 'value': 'Thailand'}",THA,1980,0.0,,,1,fallback_demo
"{'id': 'IT.NET.USER.ZS', 'value': 'Individuals using the Internet (% of population)'}","{'id': 'TH', 'value': 'Thailand'}",THA,1981,0.0,,,1,fallback_demo
"{'id': 'IT.NET.USER.ZS', 'value': 'Individuals using the Internet (% of population)'}","{'id': 'TH', 'value': 'Thailand'}",THA,1982,0.6989,,,1,fallback_demo
"{'id': 'IT.NET.USER.ZS', 'value': 'Individuals using the Internet (% of population)'}","{'id': 'TH', 'value': 'Thailand'}",THA,1983,1.4928,,,1,fallback_demo
"{'id': 'IT.NET.USER.ZS', 'value': 'Individuals using the Internet (% of population)'}","{'id': 'TH', 'value': 'Thailand'}",THA,1984,2.3711,,,1,fallback_demo
"{'id': 'IT.NET.USER.ZS', 'value': 'Individuals using the Internet (% of population)'}","{'id': 'TH', 'value': 'Thailand'}",THA,1985,3.3405,,,1,fallback_demo
"{'id': 'IT.NET.USER.ZS', 'value': 'Individuals using the Internet (% of population)'}","{'id': 'TH', 'value': 'Thailand'}",THA,1986,4.4081,,,1,fallback_demo
"{'id': 'IT.NET.USER.ZS', 'value': 'Individuals using the Internet (% of population)'}","{'id': 'TH', 'value': 'Thailand'}",THA,1987,5.5809,,,1,fallback_demo
"{'id': 'IT.NET.USER.ZS', 'value': 'Individuals using the Internet (% of population)'}","{'id': 'TH', 'value': 'Thailand'}",THA,1988,6.8656,,,1,fallback_demo
"{'id': 'IT.NET.USER.ZS', 'value': 'Individuals using the Internet (% of population)'}","{'id': 'TH', 'value': 'Thailand'}",THA,1989,8.2687,,,1,fallback_demo
"{'id': 'IT.NET.USER.ZS', 'value': 'Individuals using the Internet (% of population)'}","{'id': 'TH', 'value': 'Thailand'}",THA,1990,9.7958,,,1,fallback_demo
"{'id': 'IT.NET.USER.ZS', 'value': 'Individuals using the Internet (% of population)'}","{'id': 'TH', 'value': 'Thailand'}",THA,1991,11.452,,,1,fallback_demo
"{'id': 'IT.NET.USER.ZS', 'value': 'Individuals using the Internet (% of population)'}","{'id': 'TH', 'value': 'Thailand'}",THA,1992,13.241,,,1,fallback_demo
"{'id': 'IT.NET.USER.ZS', 'value': 'Individuals using the Internet (% of population)'}","{'id': 'TH', 'value': 'Thailand'}",THA,1993,15.1654,,,1,fallback_demo
"{'id': 'IT.NET.USER.ZS', 'value': 'Individuals using the Internet (% of population)'}","{'id': 'TH', 'value': 'Thailand'}",THA,1994,17.2259,,,1,fallback_demo
"{'id': 'IT.NET.USER.ZS', 'value': 'Individuals using the Internet (% of population)'}","{'id': 'TH', 'value': 'Thailand'}",THA,1995,19.4213,,,1,fallback_demo
"{'id': 'IT.NET.USER.ZS', 'value': 'Individuals using the Internet (% of population)'}","{'id': 'TH', 'value': 'Thailand'}",THA,1996,21.7483,,,1,fallback_demo
"{'id': 'IT.NET.USER.ZS', 'value': 'Individuals using the Internet (% of population)'}","{'id': 'TH', 'value': 'Thailand'}",THA,1997,24.2011,,,1,fallback_demo
"{'id': 'IT.NET.USER.ZS', 'value': 'Individuals using the Internet (% of population)'}","{'id': 'TH', 'value': 'Thailand'}",THA,1998,26.7716,,,1,fallback_demo
"{'id': 'IT.NET.USER.ZS', 'value': 'Individuals using the Internet (% of population)'}","{'id': 'TH', 'value': 'Thailand'}",THA,1999,29.4488,,,1,fallback_demo
"{'id': 'IT.NET.USER.ZS', 'value': 'Individuals using the Internet (% of population)'}","{'id': 'TH', 'value': 'Thailand'}",THA,2000,32.2197,,,1,fallback_demo
"{'id': 'IT.NET.USER.ZS', 'value': 'Individuals using the Internet (% of population)'}","{'id': 'TH', 'value': 'Thailand'}",THA,2001,35.0686,,,1,fallback_demo
"{'id': 'IT.NET.USER.ZS', 'value': 'Individuals using the Internet (% of population)'}","{'id': 'TH', 'value': 'Thailand'}",THA,2002,37.9779,,,1,fallback_demo
"{'id': 'IT.NET.USER.ZS', 'value': 'Individuals using the Internet (% of population)'}","{'id': 'TH', 'value': 'Thailand'}",THA,2003,40.9285,,,1,fallback_demo
"{'id': 'IT.NET.USER.ZS', 'value': 'Individuals using the Internet (% of population)'}","{'id': 'TH', 'value': 'Thailand'}",THA,2004,43.9,,,1,fallback_demo
"{'id': 'IT.NET.USER.ZS', 'value': 'Individuals using the Internet (% of population)'}","{'id': 'TH', 'value': 'Thailand'}",THA,2005,46.8715,,,1,fallback_demo
"{'id': 'IT.NET.USER.ZS', 'value': 'Individuals using the Internet (% of population)'}","{'id': 'TH', 'value': 'Thailand'}",THA,2006,49.8221,,,1,fallback_demo
"{'id': 'IT.NET.USER.ZS', 'value': 'Individuals using the Internet (% of population)'}","{'id': 'TH', 'value': 'Thailand'}",THA,2007,52.7314,,,1,fallback_demo
"{'id': 'IT.NET.USER.ZS', 'value': 'Individuals using the Internet (% of population)'}","{'id': 'TH', 'value': 'Thailand'}",THA,2008,55.5803,,,1,fallback_demo
"{'id': 'IT.NET.USER.ZS', 'value': 'Individuals using the Internet (% of population)'}","{'id': 'TH', 'value': 'Thailand'}",THA,2009,58.3512,,,1,fallback_demo
"{'id': 'IT.NET.USER.ZS', 'value': 'Individuals using the Internet (% of population)'}","{'id': 'TH', 'value': 'Thailand'}",THA,2010,61.0284,,,1,fallback_demo
"{'id': 'IT.NET.USER.ZS', 'value': 'Individuals using the Internet (% of population)'}","{'id': 'TH', 'value': 'Thailand'}",THA,2011,63.5989,,,1,fallback_demo
"{'id': 'IT.NET.USER.ZS', 'value': 'Individuals using the Internet (% of population)'}","{'id': 'TH', 'value': 'Thailand'}",THA,2012,66.0517,,,1,fallback_demo
"{'id': 'IT.NET.USER.ZS', 'value': 'Individuals using the Internet (% of population)'}","{'id': 'TH', 'value': 'Thailand'}",THA,2013,68.3787,,,1,fallback_demo
"{'id': 'IT.NET.USER.ZS', 'value': 'Individuals using the Internet (% of population)'}","{'id': 'TH', 'value': 'Thailand'}",THA,2014,70.5741,,,1,fallback_demo
"{'id': 'IT.NET.USER.ZS', 'value': 'Individuals using the Internet (% of population)'}","{'id': 'TH', 'value': 'Thailand'}",THA,2015,72.6346,,,1,fallback_demo
"{'id': 'IT.NET.USER.ZS', 'value': 'Individuals using the Internet (% of population)'}","{'id': 'TH', 'value': 'Thailand'}",THA,2016,74.559,,,1,fallback_demo
"{'id': 'IT.NET.USER.ZS', 'value': 'Individuals using the Internet (% of population)'}","{'id': 'TH', 'value': 'Thailand'}",THA,2017,76.348,,,1,fallback_demo
"{'id': 'IT.NET.USER.ZS', 'value': 'Individuals using the Internet (% of population)'}","{'id': 'TH', 'value': 'Thailand'}",THA,2018,78.0042,,,1,fallback_demo
"{'id': 'IT.NET.USER.ZS', 'value': 'Individuals using the Internet (% of population)'}","{'id': 'TH', 'value': 'Thailand'}",THA,2019,79.5313,,,1,fallback_demo
"{'id': 'IT.NET.USER.ZS', 'value': 'Individuals using the Internet (% of population)'}","{'id': 'TH', 'value': 'Thailand'}",THA,2020,80.9344,,,1,fallback_demo
"{'id': 'IT.NET.USER.ZS', 'value': 'Individuals using the Internet (% of population)'}","{'id': 'TH', 'value': 'Thailand'}",THA,2021,82.2191,,,1,fallback_demo
"{'id': 'IT.NET.USER.ZS', 'value': 'Individuals using the Internet (% of population)'}","{'id': 'TH', 'value': 'Thailand'}",THA,2022,83.3919,,,1,fallback_demo
"{'id': 'IT.NET.USER.ZS', 'value': 'Individuals using the Internet (% of population)'}","{'id': 'TH', 'value': 'Thailand'}",THA,2023,84.4595,,,1,fallback_demo
"{'id': 'IT.NET.USER.ZS', 'value': 'Individuals using the Internet (% of population)'}","{'id': 'TH', 'value': 'Thailand'}",THA,2024,85.4289,,,1,fallback_demo
"{'id': 'IT.NET.USER.ZS', 'value': 'Individuals using the Internet (% of population)'}","{'id': 'VN', 'value': 'Vietnam'}",VNM,1960,,,,1,fallback_demo
"{'id': 'IT.NET.USER.ZS', 'value': 'Individuals using the Internet (% of population)'}","{'id': 'VN', 'value': 'Vietnam'}",VNM,1961,,,,1,fallback_demo
"{'id': 'IT.NET.USER.ZS', 'value': 'Individuals using the Internet (% of population)'}","{'id': 'VN', 'value': 'Vietnam'}",VNM,1962,,,,1,fallback_demo
"{'id': 'IT.NET.USER.ZS', 'value': 'Individuals using the Internet (% of population)'}","{'id': 'VN', 'value': 'Vietnam'}",VNM,1963,,,,1,fallback_demo
"{'id': 'IT.NET.USER.ZS', 'value': 'Individuals using the Internet (% of population)'}","{'id': 'VN', 'value': 'Vietnam'}",VNM,1964,,,,1,fallback_demo
"{'id': 'IT.NET.USER.ZS', 'value': 'Individuals using the Internet (% of population)'}","{'id': 'VN', 'value': 'Vietnam'}",VNM,1965,,,,1,fallback_demo
"{'id': 'IT.NET.USER.ZS', 'value': 'Individuals using the Internet (% of population)'}","{'id': 'VN', 'value': 'Vietnam'}",VNM,1966,,,,1,fallback_demo
"{'id': 'IT.NET.USER.ZS', 'value': 'Individuals using the Internet (% of population)'}","{'id': 'VN', 'value': 'Vietnam'}",VNM,1967,,,,1,fallback_demo
"{'id': 'IT.NET.USER.ZS', 'value': 'Individuals using the Internet (% of population)'}","{'id': 'VN', 'value': 'Vietnam'}",VNM,1968,,,,1,fallback_demo
"{'id': 'IT.NET.USER.ZS', 'value': 'Individuals using the Internet (% of population)'}","{'id': 'VN', 'value': 'Vietnam'}",VNM,1969,,,,1,fallback_demo
"{'id': 'IT.NET.USER.ZS', 'value': 'Individuals using the Internet (% of population)'}","{'id': 'VN', 'value': 'Vietnam'}",VNM,1970,,,,1,fallback_demo
"{'id': 'IT.NET.USER.ZS', 'value': 'Individuals using the Internet (% of population)'}","{'id': 'VN', 'value': 'Vietnam'}",VNM,1971,,,,1,fallback_demo
"{'id': 'IT.NET.USER.ZS', 'value': 'Individuals using the Internet (% of population)'}","{'id': 'VN', 'value': 'Vietnam'}",VNM,1972,,,,1,fallback_demo
"{'id': 'IT.NET.USER.ZS', 'value': 'Individuals using the Internet (% of population)'}","{'id': 'VN', 'value': 'Vietnam'}",VNM,1973,,,,1,fallback_demo
"{'id': 'IT.NET.USER.ZS', 'value': 'Individuals using the Internet (% of population)'}","{'id': 'VN', 'value': 'Vietnam'}",VNM,1974,,,,1,fallback_demo
"{'id': 'IT.NET.USER.ZS', 'value': 'Individuals using the Internet (% of population)'}","{'id': 'VN', 'value': 'Vietnam'}",VNM,1975,,,,1,fallback_demo
"{'id': 'IT.NET.USER.ZS', 'value': 'Individuals using the Internet (% of population)'}","{'id': 'VN', 'value': 'Vietnam'}",VNM,1976,,,,1,fallback_demo
"{'id': 'IT.NET.USER.ZS', 'value': 'Individuals using the Internet (% of population)'}","{'id': 'VN', 'value': 'Vietnam'}",VNM,1977,,,,1,fallback_demo
"{'id': 'IT.NET.USER.ZS', 'value': 'Individuals using the Internet (% of population)'}","{'id': 'VN', 'value': 'Vietnam'}",VNM,1978,,,,1,fallback_demo
"{'id': 'IT.NET.USER.ZS', 'value': 'Individuals using the Internet (% of population)'}","{'id': 'VN', 'value': 'Vietnam'}",VNM,1979,,,,1,fallback_demo
"{'id': 'IT.NET.USER.ZS', 'value': 'Individuals using the Internet (% of population)'}","{'id': 'VN', 'value': 'Vietnam'}",VNM,1980,0.0,,,1,fallback_demo
"{'id': 'IT.NET.USER.ZS', 'value': 'Individuals using the Internet (% of population)'}","{'id': 'VN', 'value': 'Vietnam'}",VNM,1981,0.0,,,1,fallback_demo
"{'id': 'IT.NET.USER.ZS', 'value': 'Individuals using the Internet (% of population)'}","{'id': 'VN', 'value': 'Vietnam'}",VNM,1982,0.0,,,1,fallback_demo
"{'id': 'IT.NET.USER.ZS', 'value': 'Individuals using the Internet (% of population)'}","{'id': 'VN', 'value': 'Vietnam'}",VNM,1983,0.0,,,1,fallback_demo
"{'id': 'IT.NET.USER.ZS', 'value': 'Individuals using the Internet (% of population)'}","{'id': 'VN', 'value': 'Vietnam'}",VNM,1984,0.0,,,1,fallback_demo
"{'id': 'IT.NET.USER.ZS', 'value': 'Individuals using the Internet (% of population)'}","{'id': 'VN', 'value': 'Vietnam'}",VNM,1985,0.0,,,1,fallback_demo
"{'id': 'IT.NET.USER.ZS', 'value': 'Individuals using the Internet (% of population)'}","{'id': 'VN', 'value': 'Vietnam'}",VNM,1986,0.0,,,1,fallback_demo
"{'id': 'IT.NET.USER.ZS', 'value': 'Individuals using the Internet (% of population)'}","{'id': 'VN', 'value': 'Vietnam'}",VNM,1987,0.0,,,1,fallback_demo
"{'id': 'IT.NET.USER.ZS', 'value': 'Individuals using the Internet (% of population)'}","{'id': 'VN', 'value': 'Vietnam'}",VNM,1988,0.0,,,1,fallback_demo
"{'id': 'IT.NET.USER.ZS', 'value': 'Individuals using the Internet (% of population)'}","{'id': 'VN', 'value': 'Vietnam'}",VNM,1989,0.0,,,1,fallback_demo
"{'id': 'IT.NET.USER.ZS', 'value': 'Individuals using the Internet (% of population)'}","{'id': 'VN', 'value': 'Vietnam'}",VNM,1990,0.0,,,1,fallback_demo
"{'id': 'IT.NET.USER.ZS', 'value': 'Individuals using the Internet (% of population)'}","{'id': 'VN', 'value': 'Vietnam'}",VNM,1991,0.855,,,1,fallback_demo
"{'id': 'IT.NET.USER.ZS', 'value': 'Individuals using the Internet (% of population)'}","{'id': 'VN', 'value': 'Vietnam'}",VNM,1992,2.4974,,,1,fallback_demo
"{'id': 'IT.NET.USER.ZS', 'value': 'Individuals using the Internet (% of population)'}","{'id': 'VN', 'value': 'Vietnam'}",VNM,1993,4.2873,,,1,fallback_demo
"{'id': 'IT.NET.USER.ZS', 'value': 'Individuals using the Internet (% of population)'}","{'id': 'VN', 'value': 'Vietnam'}",VNM,1994,6.2293,,,1,fallback_demo
"{'id': 'IT.NET.USER.ZS', 'value': 'Individuals using the Internet (% of population)'}","{'id': 'VN', 'value': 'Vietnam'}",VNM,1995,8.3257,,,1,fallback_demo
"{'id': 'IT.NET.USER.ZS', 'value': 'Individuals using the Internet (% of population)'}","{'id': 'VN', 'value': 'Vietnam'}",VNM,1996,10.577,,,1,fallback_demo
"{'id': 'IT.NET.USER.ZS', 'value': 'Individuals using the Internet (% of population)'}","{'id': 'VN', 'value': 'Vietnam'}",VNM,1997,12.9807,,,1,fallback_demo
"{'id': 'IT.NET.USER.ZS', 'value': 'Individuals using the Internet (% of population)'}","{'id': 'VN', 'value': 'Vietnam'}",VNM,1998,15.5316,,,1,fallback_demo
"{'id': 'IT.NET.USER.ZS', 'value': 'Individuals using the Internet (% of population)'}","{'id': 'VN', 'value': 'Vietnam'}",VNM,1999,18.2212,,,1,fallback_demo
"{'id': 'IT.NET.USER.ZS', 'value': 'Individuals using the Internet (% of population)'}","{'id': 'VN', 'value': 'Vietnam'}",VNM,2000,21.0378,,,1,fallback_demo
"{'id': 'IT.NET.USER.ZS', 'value': 'Individuals using the Internet (% of population)'}","{'id': 'VN', 'value': 'Vietnam'}",VNM,2001,23.9662,,,1,fallback_demo
"{'id': 'IT.NET.USER.ZS', 'value': 'Individuals using the Internet (% of population)'}","{'id': 'VN', 'value': 'Vietnam'}",VNM,2002,26.9886,,,1,fallback_demo
"{'id': 'IT.NET.USER.ZS', 'value': 'Individuals using the Internet (% of population)'}","{'id': 'VN', 'value': 'Vietnam'}",VNM,2003,30.0839,,,1,fallback_demo
"{'id': 'IT.NET.USER.ZS', 'value': 'Individuals using the Internet (% of population)'}","{'id': 'VN', 'value': 'Vietnam'}",VNM,2004,33.2293,,,1,fallback_demo
"{'id': 'IT.NET.USER.ZS', 'value': 'Individuals using the Internet (% of population)'}","{'id': 'VN', 'value': 'Vietnam'}",VNM,2005,36.4,,,1,fallback_demo
"{'id': 'IT.NET.USER.ZS', 'value': 'Individuals using the Internet (% of population)'}","{'id': 'VN', 'value': 'Vietnam'}",VNM,2006,39.5707,,,1,fallback_demo
"{'id': 'IT.NET.USER.ZS', 'value': 'Individuals using the Internet (% of population)'}","{'id': 'VN', 'value': 'Vietnam'}",VNM,2007,42.7161,,,1,fallback_demo
"{'id': 'IT.NET.USER.ZS', 'value': 'Individuals using the Internet (% of population)'}","{'id': 'VN', 'value': 'Vietnam'}",VNM,2008,45.8114,,,1,fallback_demo
"{'id': 'IT.NET.USER.ZS', 'value': 'Individuals using the Internet (% of population)'}","{'id': 'VN', 'value': 'Vietnam'}",VNM,2009,48.8338,,,1,fallback_demo
"{'id': 'IT.NET.USER.ZS', 'value': 'Individuals using the Internet (% of population)'}","{'id': 'VN', 'value': 'Vietnam'}",VNM,2010,51.7622,,,1,fallback_demo
"{'id': 'IT.NET.USER.ZS', 'value': 'Individuals using the Internet (% of population)'}","{'id': 'VN', 'value': 'Vietnam'}",VNM,2011,54.5788,,,1,fallback_demo
"{'id': 'IT.NET.USER.ZS', 'value': 'Individuals using the Internet (% of population)'}","{'id': 'VN', 'value': 'Vietnam'}",VNM,2012,57.2684,,,1,fallback_demo
"{'id': 'IT.NET.USER.ZS', 'value': 'Individuals using the Internet (% of population)'}","{'id': 'VN', 'value': 'Vietnam'}",VNM,2013,59.8193,,,1,fallback_demo
"{'id': 'IT.NET.USER.ZS', 'value': 'Individuals using the Internet (% of population)'}","{'id': 'VN', 'value': 'Vietnam'}",VNM,2014,62.223,,,1,fallback_demo
"{'id': 'IT.NET.USER.ZS', 'value': 'Individuals using the Internet (% of population)'}","{'id': 'VN', 'value': 'Vietnam'}",VNM,2015,64.4743,,,1,fallback_demo
"{'id': 'IT.NET.USER.ZS', 'value': 'Individuals using the Internet (% of population)'}","{'id': 'VN', 'value': 'Vietnam'}",VNM,2016,66.5707,,,1,fallback_demo
"{'id': 'IT.NET.USER.ZS', 'value': 'Individuals using the Internet (% of population)'}","{'id': 'VN', 'value': 'Vietnam'}",VNM,2017,68.5127,,,1,fallback_demo
"{'id': 'IT.NET.USER.ZS', 'value': 'Individuals using the Internet (% of population)'}","{'id': 'VN', 'value': 'Vietnam'}",VNM,2018,70.3026,,,1,fallback_demo
"{'id': 'IT.NET.USER.ZS', 'value': 'Individuals using the Internet (% of population)'}","{'id': 'VN', 'value': 'Vietnam'}",VNM,2019,71.945,,,1,fallback_demo
"{'id': 'IT.NET.USER.ZS', 'value': 'Individuals using the Internet (% of population)'}","{'id': 'VN', 'value': 'Vietnam'}",VNM,2020,73.4456,,,1,fallback_demo
"{'id': 'IT.NET.USER.ZS', 'value': 'Individuals using the Internet (% of population)'}","{'id': 'VN', 'value': 'Vietnam'}",VNM,2021,74.8116,,,1,fallback_demo
"{'id': 'IT.NET.USER.ZS', 'value': 'Individuals using the Internet (% of population)'}","{'id': 'VN', 'value': 'Vietnam'}",VNM,2022,76.0507,,,1,fallback_demo
"{'id': 'IT.NET.USER.ZS', 'value': 'Individuals using the Internet (% of population)'}","{'id': 'VN', 'value': 'Vietnam'}",VNM,2023,77.1711,,,1,fallback_demo
"{'id': 'IT.NET.USER.ZS', 'value': 'Individuals using the Internet (% of population)'}","{'id': 'VN', 'value': 'Vietnam'}",VNM,2024,78.1813,,,1,fallback_demo
"{'id': 'IT.NET.USER.ZS', 'value': 'Individuals using the Internet (% of population)'}","{'id': 'PH', 'value': 'Philippines'}",PHL,1960,,,,1,fallback_demo
"{'id': 'IT.NET.USER.ZS', 'value': 'Individuals using the Internet (% of population)'}","{'id': 'PH', 'value': 'Philippines'}",PHL,1961,,,,1,fallback_demo
"{'id': 'IT.NET.USER.ZS', 'value': 'Individuals using the Internet (% of population)'}","{'id': 'PH', 'value': 'Philippines'}",PHL,1962,,,,1,fallback_demo
"{'id': 'IT.NET.USER.ZS', 'value': 'Individuals using the Internet (% of population)'}","{'id': 'PH', 'value': 'Philippines'}",PHL,1963,,,,1,fallback_demo
"{'id': 'IT.NET.USER.ZS', 'value': 'Individuals using the Internet (% of population)'}","{'id': 'PH', 'value': 'Philippines'}",PHL,1964,,,,1,fallback_demo
"{'id': 'IT.NET.USER.ZS', 'value': 'Individuals using the Internet (% of population)'}","{'id': 'PH', 'value': 'Philippines'}",PHL,1965,,,,1,fallback_demo
"{'id': 'IT.NET.USER.ZS', 'value': 'Individuals using the Internet (% of population)'}","{'id': 'PH', 'value': 'Philippines'}",PHL,1966,,,,1,fallback_demo
"{'id': 'IT.NET.USER.ZS', 'value': 'Individuals using the Internet (% of population)'}","{'id': 'PH', 'value': 'Philippines'}",PHL,1967,,,,1,fallback_demo
"{'id': 'IT.NET.USER.ZS', 'value': 'Individuals using the Internet (% of population)'}","{'id': 'PH', 'value': 'Philippines'}",PHL,1968,,,,1,fallback_demo
"{'id': 'IT.NET.USER.ZS', 'value': 'Individuals using the Internet (% of population)'}","{'id': 'PH', 'value': 'Philippines'}",PHL,1969,,,,1,fallback_demo
"{'id': 'IT.NET.USER.ZS', 'value': 'Individuals using the Internet (% of population)'}","{'id': 'PH', 'value': 'Philippines'}",PHL,1970,,,,1,fallback_demo
"{'id': 'IT.NET.USER.ZS', 'value': 'Individuals using the Internet (% of population)'}","{'id': 'PH', 'value': 'Philippines'}",PHL,1971,,,,1,fallback_demo
"{'id': 'IT.NET.USER.ZS', 'value': 'Individuals using the Internet (% of population)'}","{'id': 'PH', 'value': 'Philippines'}",PHL,1972,,,,1,fallback_demo
"{'id': 'IT.NET.USER.ZS', 'value': 'Individuals using the Internet (% of population)'}","{'id': 'PH', 'value': 'Philippines'}",PHL,1973,,,,1,fallback_demo
"{'id': 'IT.NET.USER.ZS', 'value': 'Individuals using the Internet (% of population)'}","{'id': 'PH', 'value': 'Philippines'}",PHL,1974,,,,1,fallback_demo
"{'id': 'IT.NET.USER.ZS', 'value': 'Individuals using the Internet (% of population)'}","{'id': 'PH', 'value': 'Philippines'}",PHL,1975,,,,1,fallback_demo
"{'id': 'IT.NET.USER.ZS', 'value': 'Individuals using the Internet (% of population)'}","{'id': 'PH', 'value': 'Philippines'}",PHL,1976,,,,1,fallback_demo
"{'id': 'IT.NET.USER.ZS', 'value': 'Individuals using the Internet (% of population)'}","{'id': 'PH', 'value': 'Philippines'}",PHL,1977,,,,1,fallback_demo
"{'id': 'IT.NET.USER.ZS', 'value': 'Individuals using the Internet (% of population)'}","{'id': 'PH', 'value': 'Philippines'}",PHL,1978,,,,1,fallback_demo
"{'id': 'IT.NET.USER.ZS', 'value': 'Individuals using the Internet (% of population)'}","{'id': 'PH', 'value': 'Philippines'}",PHL,1979,,,,1,fallback_demo
"{'id': 'IT.NET.USER.ZS', 'value': 'Individuals using the Internet (% of population)'}","{'id': 'PH', 'value': 'Philippines'}",PHL,1980,0.0,,,1,fallback_demo
"{'id': 'IT.NET.USER.ZS', 'value': 'Individuals using the Internet (% of population)'}","{'id': 'PH', 'value': 'Philippines'}",PHL,1981,0.0,,,1,fallback_demo
"{'id': 'IT.NET.USER.ZS', 'value': 'Individuals using the Internet (% of population)'}","{'id': 'PH', 'value': 'Philippines'}",PHL,1982,0.0,,,1,fallback_demo
"{'id': 'IT.NET.USER.ZS', 'value': 'Individuals using the Internet (% of population)'}","{'id': 'PH', 'value': 'Philippines'}",PHL,1983,0.0,,,1,fallback_demo
"{'id': 'IT.NET.USER.ZS', 'value': 'Individuals using the Internet (% of population)'}","{'id': 'PH', 'value': 'Philippines'}",PHL,1984,0.0,,,1,fallback_demo
"{'id': 'IT.NET.USER.ZS', 'value': 'Individuals using the Internet (% of population)'}","{'id': 'PH', 'value': 'Philippines'}",PHL,1985,0.0,,,1,fallback_demo
"{'id': 'IT.NET.USER.ZS', 'value': 'Individuals using the Internet (% of population)'}","{'id': 'PH', 'value': 'Philippines'}",PHL,1986,0.0,,,1,fallback_demo
"{'id': 'IT.NET.USER.ZS', 'value': 'Individuals using the Internet (% of population)'}","{'id': 'PH', 'value': 'Philippines'}",PHL,1987,0.0,,,1,fallback_demo
"{'id': 'IT.NET.USER.ZS', 'value': 'Individuals using the Internet (% of population)'}","{'id': 'PH', 'value': 'Philippines'}",PHL,1988,1.0164,,,1,fallback_demo
"{'id': 'IT.NET.USER.ZS', 'value': 'Individuals using the Internet (% of population)'}","{'id': 'PH', 'value': 'Philippines'}",PHL,1989,2.2896,,,1,fallback_demo
"{'id': 'IT.NET.USER.ZS', 'value': 'Individuals using the Internet (% of population)'}","{'id': 'PH', 'value': 'Philippines'}",PHL,1990,3.6462,,,1,fallback_demo
"{'id': 'IT.NET.USER.ZS', 'value': 'Individuals using the Internet (% of population)'}","{'id': 'PH', 'value': 'Philippines'}",PHL,1991,5.0879,,,1,fallback_demo
"{'id': 'IT.NET.USER.ZS', 'value': 'Individuals using the Internet (% of population)'}","{'id': 'PH', 'value': 'Philippines'}",PHL,1992,6.6159,,,1,fallback_demo
"{'id': 'IT.NET.USER.ZS', 'value': 'Individuals using the Internet (% of population)'}","{'id': 'PH', 'value': 'Philippines'}",PHL,1993,8.2308,,,1,fallback_demo
"{'id': 'IT.NET.USER.ZS', 'value': 'Individuals using the Internet (% of population)'}","{'id': 'PH', 'value': 'Philippines'}",PHL,1994,9.932,,,1,fallback_demo
"{'id': 'IT.NET.USER.ZS', 'value': 'Individuals using the Internet (% of population)'}","{'id': 'PH', 'value': 'Philippines'}",PHL,1995,11.7186,,,1,fallback_demo
"{'id': 'IT.NET.USER.ZS', 'value': 'Individuals using the Internet (% of population)'}","{'id': 'PH', 'value': 'Philippines'}",PHL,1996,13.5885,,,1,fallback_demo
"{'id': 'IT.NET.USER.ZS', 'value': 'Individuals using the Internet (% of population)'}","{'id': 'PH', 'value': 'Philippines'}",PHL,1997,15.5385,,,1,fallback_demo
"{'id': 'IT.NET.USER.ZS', 'value': 'Individuals using the Internet (% of population)'}","{'id': 'PH', 'value': 'Philippines'}",PHL,1998,17.5646,,,1,fallback_demo
"{'id': 'IT.NET.USER.ZS', 'value': 'Individuals using the Internet (% of population)'}","{'id': 'PH', 'value': 'Philippines'}",PHL,1999,19.6617,,,1,fallback_demo
"{'id': 'IT.NET.USER.ZS', 'value': 'Individuals using the Internet (% of population)'}","{'id': 'PH', 'value': 'Philippines'}",PHL,2000,21.8237,,,1,fallback_demo
"{'id': 'IT.NET.USER.ZS', 'value': 'Individuals using the Internet (% of population)'}","{'id': 'PH', 'value': 'Philippines'}",PHL,2001,24.0433,,,1,fallback_demo
"{'id': 'IT.NET.USER.ZS', 'value': 'Individuals using the Internet (% of population)'}","{'id': 'PH', 'value': 'Philippines'}",PHL,2002,26.3127,,,1,fallback_demo
"{'id': 'IT.NET.USER.ZS', 'value': 'Individuals using the Internet (% of population)'}","{'id': 'PH', 'value': 'Philippines'}",PHL,2003,28.6228,,,1,fallback_demo
"{'id': 'IT.NET.USER.ZS', 'value': 'Individuals using the Internet (% of population)'}","{'id': 'PH', 'value': 'Philippines'}",PHL,2004,30.9642,,,1,fallback_demo
"{'id': 'IT.NET.USER.ZS', 'value': 'Individuals using the Internet (% of population)'}","{'id': 'PH', 'value': 'Philippines'}",PHL,2005,33.3268,,,1,fallback_demo
"{'id': 'IT.NET.USER.ZS', 'value': 'Individuals using the Internet (% of population)'}","{'id': 'PH', 'value': 'Philippines'}",PHL,2006,35.7,,,1,fallback_demo
"{'id': 'IT.NET.USER.ZS', 'value': 'Individuals using the Internet (% of population)'}","{'id': 'PH', 'value': 'Philippines'}",PHL,2007,38.0732,,,1,fallback_demo
"{'id': 'IT.NET.USER.ZS', 'value': 'Individuals using the Internet (% of population)'}","{'id': 'PH', 'value': 'Philippines'}",PHL,2008,40.4358,,,1,fallback_demo
"{'id': 'IT.NET.USER.ZS', 'value': 'Individuals using the Internet (% of population)'}","{'id': 'PH', 'value': 'Philippines'}",PHL,2009,42.7772,,,1,fallback_demo
"{'id': 'IT.NET.USER.ZS', 'value': 'Individuals using the Internet (% of population)'}","{'id': 'PH', 'value': 'Philippines'}",PHL,2010,45.0873,,,1,fallback_demo
"{'id': 'IT.NET.USER.ZS', 'value': 'Individuals using the Internet (% of population)'}","{'id': 'PH', 'value': 'Philippines'}",PHL,2011,47.3567,,,1,fallback_demo
"{'id': 'IT.NET.USER.ZS', 'value': 'Individuals using the Internet (% of population)'}","{'id': 'PH', 'value': 'Philippines'}",PHL,2012,49.5763,,,1,fallback_demo
"{'id': 'IT.NET.USER.ZS', 'value': 'Individuals using the Internet (% of population)'}","{'id': 'PH', 'value': 'Philippines'}",PHL,2013,51.7383,,,1,fallback_demo
"{'id': 'IT.NET.USER.ZS', 'value': 'Individuals using the Internet (% of population)'}","{'id': 'PH', 'value': 'Philippines'}",PHL,2014,53.8354,,,1,fallback_demo
"{'id': 'IT.NET.USER.ZS', 'value': 'Individuals using the Internet (% of population)'}","{'id': 'PH', 'value': 'Philippines'}",PHL,2015,55.8615,,,1,fallback_demo
"{'id': 'IT.NET.USER.ZS', 'value': 'Individuals using the Internet (% of population)'}","{'id': 'PH', 'value': 'Philippines'}",PHL,2016,57.8115,,,1,fallback_demo
"{'id': 'IT.NET.USER.ZS', 'value': 'Individuals using the Internet (% of population)'}","{'id': 'PH', 'value': 'Philippines'}",PHL,2017,59.6814,,,1,fallback_demo
"{'id': 'IT.NET.USER.ZS', 'value': 'Individuals using the Internet (% of population)'}","{'id': 'PH', 'value': 'Philippines'}",PHL,2018,61.468,,,1,fallback_demo
"{'id': 'IT.NET.USER.ZS', 'value': 'Individuals using the Internet (% of population)'}","{'id': 'PH', 'value': 'Philippines'}",PHL,2019,63.1692,,,1,fallback_demo
"{'id': 'IT.NET.USER.ZS', 'value': 'Individuals using the Internet (% of population)'}","{'id': 'PH', 'value': 'Philippines'}",PHL,2020,64.7841,,,1,fallback_demo
"{'id': 'IT.NET.USER.ZS', 'value': 'Individuals using the Internet (% of population)'}","{'id': 'PH', 'value': 'Philippines'}",PHL,2021,66.3121,,,1,fallback_demo
"{'id': 'IT.NET.USER.ZS', 'value': 'Individuals using the Internet (% of population)'}","{'id': 'PH', 'value': 'Philippines'}",PHL,2022,67.7538,,,1,fallback_demo
"{'id': 'IT.NET.USER.ZS', 'value': 'Individuals using the Internet (% of population)'}","{'id': 'PH', 'value': 'Philippines'}",PHL,2023,69.1104,,,1,fallback_demo
"{'id': 'IT.NET.USER.ZS', 'value': 'Individuals using the Internet (% of population)'}","{'id': 'PH', 'value': 'Philippines'}",PHL,2024,70.3836,,,1,fallback_demo
"{'id': 'IT.NET.USER.ZS', 'value': 'Individuals using the Internet (% of population)'}","{'id': 'US', 'value': 'United States'}",USA,1960,,,,1,fallback_demo
"{'id': 'IT.NET.USER.ZS', 'value': 'Individuals using the Internet (% of population)'}","{'id': 'US', 'value': 'United States'}",USA,1961,,,,1,fallback_demo
"{'id': 'IT.NET.USER.ZS', 'value': 'Individuals using the Internet (% of population)'}","{'id': 'US', 'value': 'United States'}",USA,1962,,,,1,fallback_demo
"{'id': 'IT.NET.USER.ZS', 'value': 'Individuals using the Internet (% of population)'}","{'id': 'US', 'value': 'United States'}",USA,1963,,,,1,fallback_demo
"{'id': 'IT.NET.USER.ZS', 'value': 'Individuals using the Internet (% of population)'}","{'id': 'US', 'value': 'United States'}",USA,1964,,,,1,fallback_demo
"{'id': 'IT.NET.USER.ZS', 'value': 'Individuals using the Internet (% of population)'}","{'id': 'US', 'value': 'United States'}",USA,1965,,,,1,fallback_demo
"{'id': 'IT.NET.USER.ZS', 'value': 'Individuals using the Internet (% of population)'}","{'id': 'US', 'value': 'United States'}",USA,1966,,,,1,fallback_demo
"{'id': 'IT.NET.USER.ZS', 'value': 'Individuals using the Internet (% of population)'}","{'id': 'US', 'value': 'United States'}",USA,1967,,,,1,fallback_demo
"{'id': 'IT.NET.USER.ZS', 'value': 'Individuals using the Internet (% of population)'}","{'id': 'US', 'value': 'United States'}",USA,1968,,,,1,fallback_demo
"{'id': 'IT.NET.USER.ZS', 'value': 'Individuals using the Internet (% of population)'}","{'id': 'US', 'value': 'United States'}",USA,1969,,,,1,fallback_demo
"{'id': 'IT.NET.USER.ZS', 'value': 'Individuals using the Internet (% of population)'}","{'id': 'US', 'value': 'United States'}",USA,1970,,,,1,fallback_demo
"{'id': 'IT.NET.USER.ZS', 'value': 'Individuals using the Internet (% of population)'}","{'id': 'US', 'value': 'United States'}",USA,1971,,,,1,fallback_demo
"{'id': 'IT.NET.USER.ZS', 'value': 'Individuals using the Internet (% of population)'}","{'id': 'US', 'value': 'United States'}",USA,1972,,,,1,fallback_demo
"{'id': 'IT.NET.USER.ZS', 'value': 'Individuals using the Internet (% of population)'}","{'id': 'US', 'value': 'United States'}",USA,1973,,,,1,fallback_demo
"{'id': 'IT.NET.USER.ZS', 'value': 'Individuals using the Internet (% of population)'}","{'id': 'US', 'value': 'United States'}",USA,1974,,,,1,fallback_demo
"{'id': 'IT.NET.USER.ZS', 'value': 'Individuals using the Internet (% of population)'}","{'id': 'US', 'value': 'United States'}",USA,1975,,,,1,fallback_demo
"{'id': 'IT.NET.USER.ZS', 'value': 'Individuals using the Internet (% of population)'}","{'id': 'US', 'value': 'United States'}",USA,1976,,,,1,fallback_demo
"{'id': 'IT.NET.USER.ZS', 'value': 'Individuals using the Internet (% of population)'}","{'id': 'US', 'value': 'United States'}",USA,1977,,,,1,fallback_demo
"{'id': 'IT.NET.USER.ZS', 'value': 'Individuals using the Internet (% of population)'}","{'id': 'US', 'value': 'United States'}",USA,1978,,,,1,fallback_demo
"{'id': 'IT.NET.USER.ZS', 'value': 'Individuals using the Internet (% of population)'}","{'id': 'US', 'value': 'United States'}",USA,1979,,,,1,fallback_demo
"{'id': 'IT.NET.USER.ZS', 'value': 'Individuals using the Internet (% of population)'}","{'id': 'US', 'value': 'United States'}",USA,1980,0.0,,,1,fallback_demo
"{'id': 'IT.NET.USER.ZS', 'value': 'Individuals using the Internet (% of population)'}","{'id': 'US', 'value': 'United States'}",USA,1981,0.0,,,1,fallback_demo
"{'id': 'IT.NET.USER.ZS', 'value': 'Individuals using the Internet (% of population)'}","{'id': 'US', 'value': 'United States'}",USA,1982,0.0,,,1,fallback_demo
"{'id': 'IT.NET.USER.ZS', 'value': 'Individuals using the Internet (% of population)'}","{'id': 'US', 'value': 'United States'}",USA,1983,0.0,,,1,fallback_demo
"{'id': 'IT.NET.USER.ZS', 'value': 'Individuals using the Internet (% of population)'}","{'id': 'US', 'value': 'United States'}",USA,1984,0.0,,,1,fallback_demo
"{'id': 'IT.NET.USER.ZS', 'value': 'Individuals using the Internet (% of population)'}","{'id': 'US', 'value': 'United States'}",USA,1985,0.0,,,1,fallback_demo
"{'id': 'IT.NET.USER.ZS', 'value': 'Individuals using the Internet (% of population)'}","{'id': 'US', 'value': 'United States'}",USA,1986,0.0,,,1,fallback_demo
"{'id': 'IT.NET.USER.ZS', 'value': 'Individuals using the Internet (% of population)'}","{'id': 'US', 'value': 'United States'}",USA,1987,0.0,,,1,fallback_demo
"{'id': 'IT.NET.USER.ZS', 'value': 'Individuals using the Internet (% of population)'}","{'id': 'US', 'value': 'United States'}",USA,1988,0.0,,,1,fallback_demo
"{'id': 'IT.NET.USER.ZS', 'value': 'Individuals using the Internet (% of population)'}","{'id': 'US', 'value': 'United States'}",USA,1989,0.0,,,1,fallback_demo
"{'id': 'IT.NET.USER.ZS', 'value': 'Individuals using the Internet (% of population)'}","{'id': 'US', 'value': 'United States'}",USA,1990,0.0,,,1,fallback_demo
"{'id': 'IT.NET.USER.ZS', 'value': 'Individuals using the Internet (% of population)'}","{'id': 'US', 'value': 'United States'}",USA,1991,1.1379,,,1,fallback_demo
"{'id': 'IT.NET.USER.ZS', 'value': 'Individuals using the Internet (% of population)'}","{'id': 'US', 'value': 'United States'}",USA,1992,2.581,,,1,fallback_demo
"{'id': 'IT.NET.USER.ZS', 'value': 'Individuals using the Internet (% of population)'}","{'id': 'US', 'value': 'United States'}",USA,1993,4.1236,,,1,fallback_demo
"{'id': 'IT.NET.USER.ZS', 'value': 'Individuals using the Internet (% of population)'}","{'id': 'US', 'value': 'United States'}",USA,1994,5.7675,,,1,fallback_demo
"{'id': 'IT.NET.USER.ZS', 'value': 'Individuals using the Internet (% of population)'}","{'id': 'US', 'value': 'United States'}",USA,1995,7.5133,,,1,fallback_demo
"{'id': 'IT.NET.USER.ZS', 'value': 'Individuals using the Internet (% of population)'}","{'id': 'US', 'value': 'United States'}",USA,1996,9.3608,,,1,fallback_demo
"{'id': 'IT.NET.USER.ZS', 'value': 'Individuals using the Internet (% of population)'}","{'id': 'US', 'value': 'United States'}",USA,1997,11.3084,,,1,fallback_demo
"{'id': 'IT.NET.USER.ZS', 'value': 'Individuals using the Internet (% of population)'}","{'id': 'US', 'value': 'United States'}",USA,1998,13.3534,,,1,fallback_demo
"{'id': 'IT.NET.USER.ZS', 'value': 'Individuals using the Internet (% of population)'}","{'id': 'US', 'value': 'United States'}",USA,1999,15.4915,,,1,fallback_demo
"{'id': 'IT.NET.USER.ZS', 'value': 'Individuals using the Internet (% of population)'}","{'id': 'US', 'value': 'United States'}",USA,2000,17.7173,,,1,fallback_demo
"{'id': 'IT.NET.USER.ZS', 'value': 'Individuals using the Internet (% of population)'}","{'id': 'US', 'value': 'United States'}",USA,2001,20.0236,,,1,fallback_demo
"{'id': 'IT.NET.USER.ZS', 'value': 'Individuals using the Internet (% of population)'}","{'id': 'US', 'value': 'United States'}",USA,2002,22.4022,,,1,fallback_demo
"{'id': 'IT.NET.USER.ZS', 'value': 'Individuals using the Internet (% of population)'}","{'id': 'US', 'value': 'United States'}",USA,2003,24.8433,,,1,fallback_demo
"{'id': 'IT.NET.USER.ZS', 'value': 'Individuals using the Internet (% of population)'}","{'id': 'US', 'value': 'United States'}",USA,2004,27.3359,,,1,fallback_demo
"{'id': 'IT.NET.USER.ZS', 'value': 'Individuals using the Internet (% of population)'}","{'id': 'US', 'value': 'United States'}",USA,2005,29.8681,,,1,fallback_demo
"{'id': 'IT.NET.USER.ZS', 'value': 'Individuals using the Internet (% of population)'}","{'id': 'US', 'value': 'United States'}",USA,2006,32.4273,,,1,fallback_demo
"{'id': 'IT.NET.USER.ZS', 'value': 'Individuals using the Internet (% of population)'}","{'id': 'US', 'value': 'United States'}",USA,2007,35.0,,,1,fallback_demo
"{'id': 'IT.NET.USER.ZS', 'value': 'Individuals using the Internet (% of population)'}","{'id': 'US', 'value': 'United States'}",USA,2008,37.5727,,,1,fallback_demo
"{'id': 'IT.NET.USER.ZS', 'value': 'Individuals using the Internet (% of population)'}","{'id': 'US', 'value': 'United States'}",USA,2009,40.1319,,,1,fallback_demo
"{'id': 'IT.NET.USER.ZS', 'value': 'Individuals using the Internet (% of population)'}","{'id': 'US', 'value': 'United States'}",USA,2010,42.6641,,,1,fallback_demo
"{'id': 'IT.NET.USER.ZS', 'value': 'Individuals using the Internet (% of population)'}","{'id': 'US', 'value': 'United States'}",USA,2011,45.1567,,,1,fallback_demo
"{'id': 'IT.NET.USER.ZS', 'value': 'Individuals using the Internet (% of population)'}","{'id': 'US', 'value': 'United States'}",USA,2012,47.5978,,,1,fallback_demo
"{'id': 'IT.NET.USER.ZS', 'value': 'Individuals using the Internet (% of population)'}","{'id': 'US', 'value': 'United States'}",USA,2013,49.9764,,,1,fallback_demo
"{'id': 'IT.NET.USER.ZS', 'value': 'Individuals using the Internet (% of population)'}","{'id': 'US', 'value': 'United States'}",USA,2014,52.2827,,,1,fallback_demo
"{'id': 'IT.NET.USER.ZS', 'value': 'Individuals using the Internet (% of population)'}","{'id': 'US', 'value': 'United States'}",USA,2015,54.5085,,,1,fallback_demo
"{'id': 'IT.NET.USER.ZS', 'value': 'Individuals using the Internet (% of population)'}","{'id': 'US', 'value': 'United States'}",USA,2016,56.6466,,,1,fallback_demo
"{'id': 'IT.NET.USER.ZS', 'value': 'Individuals using the Internet (% of population)'}","{'id': 'US', 'value': 'United States'}",USA,2017,58.6916,,,1,fallback_demo
"{'id': 'IT.NET.USER.ZS', 'value': 'Individuals using the Internet (% of population)'}","{'id': 'US', 'value': 'United States'}",USA,2018,60.6392,,,1,fallback_demo
"{'id': 'IT.NET.USER.ZS', 'value': 'Individuals using the Internet (% of population)'}","{'id': 'US', 'value': 'United States'}",USA,2019,62.4867,,,1,fallback_demo
"{'id': 'IT.NET.USER.ZS', 'value': 'Individuals using the Internet (% of population)'}","{'id': 'US', 'value': 'United States'}",USA,2020,64.2325,,,1,fallback_demo
"{'id': 'IT.NET.USER.ZS', 'value': 'Individuals using the Internet (% of population)'}","{'id': 'US', 'value': 'United States'}",USA,2021,65.8764,,,1,fallback_demo
"{'id': 'IT.NET.USER.ZS', 'value': 'Individuals using the Internet (% of population)'}","{'id': 'US', 'value': 'United States'}",USA,2022,67.419,,,1,fallback_demo
"{'id': 'IT.NET.USER.ZS', 'value': 'Individuals using the Internet (% of population)'}","{'id': 'US', 'value': 'United States'}",USA,2023,68.8621,,,1,fallback_demo
"{'id': 'IT.NET.USER.ZS', 'value': 'Individuals using the Internet (% of population)'}","{'id': 'US', 'value': 'United States'}",USA,2024,70.2079,,,1,fallback_demo
"{'id': 'IT.NET.USER.ZS', 'value': 'Individuals using the Internet (% of population)'}","{'id': 'JP', 'value': 'Japan'}",JPN,1960,,,,1,fallback_demo
"{'id': 'IT.NET.USER.ZS', 'value': 'Individuals using the Internet (% of population)'}","{'id': 'JP', 'value': 'Japan'}",JPN,1961,,,,1,fallback_demo
"{'id': 'IT.NET.USER.ZS', 'value': 'Individuals using the Internet (% of population)'}","{'id': 'JP', 'value': 'Japan'}",JPN,1962,,,,1,fallback_demo
"{'id': 'IT.NET.USER.ZS', 'value': 'Individuals using the Internet (% of population)'}","{'id': 'JP', 'value': 'Japan'}",JPN,1963,,,,1,fallback_demo
"{'id': 'IT.NET.USER.ZS', 'value': 'Individuals using the Internet (% of population)'}","{'id': 'JP', 'value': 'Japan'}",JPN,1964,,,,1,fallback_demo
"{'id': 'IT.NET.USER.ZS', 'value': 'Individuals using the Internet (% of population)'}","{'id': 'JP', 'value': 'Japan'}",JPN,1965,,,,1,fallback_demo
"{'id': 'IT.NET.USER.ZS', 'value': 'Individuals using the Internet (% of population)'}","{'id': 'JP', 'value': 'Japan'}",JPN,1966,,,,1,fallback_demo
"{'id': 'IT.NET.USER.ZS', 'value': 'Individuals using the Internet (% of population)'}","{'id': 'JP', 'value': 'Japan'}",JPN,1967,,,,1,fallback_demo
"{'id': 'IT.NET.USER.ZS', 'value': 'Individuals using the Internet (% of population)'}","{'id': 'JP', 'value': 'Japan'}",JPN,1968,,,,1,fallback_demo
"{'id': 'IT.NET.USER.ZS', 'value': 'Individuals using the Internet (% of population)'}","{'id': 'JP', 'value': 'Japan'}",JPN,1969,,,,1,fallback_demo
"{'id': 'IT.NET.USER.ZS', 'value': 'Individuals using the Internet (% of population)'}","{'id': 'JP', 'value': 'Japan'}",JPN,1970,,,,1,fallback_demo
"{'id': 'IT.NET.USER.ZS', 'value': 'Individuals using the Internet (% of population)'}","{'id': 'JP', 'value': 'Japan'}",JPN,1971,,,,1,fallback_demo
"{'id': 'IT.NET.USER.ZS', 'value': 'Individuals using the Internet (% of population)'}","{'id': 'JP', 'value': 'Japan'}",JPN,1972,,,,1,fallback_demo
"{'id': 'IT.NET.USER.ZS', 'value': 'Individuals using the Internet (% of population)'}","{'id': 'JP', 'value': 'Japan'}",JPN,1973,,,,1,fallback_demo
"{'id': 'IT.NET.USER.ZS', 'value': 'Individuals using the Internet (% of population)'}","{'id': 'JP', 'value': 'Japan'}",JPN,1974,,,,1,fallback_demo
"{'id': 'IT.NET.USER.ZS', 'value': 'Individuals using the Internet (% of population)'}","{'id': 'JP', 'value': 'Japan'}",JPN,1975,,,,1,fallback_demo
"{'id': 'IT.NET.USER.ZS', 'value': 'Individuals using the Internet (% of population)'}","{'id': 'JP', 'value': 'Japan'}",JPN,1976,,,,1,fallback_demo
"{'id': 'IT.NET.USER.ZS', 'value': 'Individuals using the Internet (% of population)'}","{'id': 'JP', 'value': 'Japan'}",JPN,1977,,,,1,fallback_demo
"{'id': 'IT.NET.USER.ZS', 'value': 'Individuals using the Internet (% of population)'}","{'id': 'JP', 'value': 'Japan'}",JPN,1978,,,,1,fallback_demo
"{'id': 'IT.NET.USER.ZS', 'value': 'Individuals using the Internet (% of population)'}","{'id': 'JP', 'value': 'Japan'}",JPN,1979,,,,1,fallback_demo
"{'id': 'IT.NET.USER.ZS', 'value': 'Individuals using the Internet (% of population)'}","{'id': 'JP', 'value': 'Japan'}",JPN,1980,0.0,,,1,fallback_demo
"{'id': 'IT.NET.USER.ZS', 'value': 'Individuals using the Internet (% of population)'}","{'id': 'JP', 'value': 'Japan'}",JPN,1981,0.0,,,1,fallback_demo
"{'id': 'IT.NET.USER.ZS', 'value': 'Individuals using the Internet (% of population)'}","{'id': 'JP', 'value': 'Japan'}",JPN,1982,0.0,,,1,fallback_demo
"{'id': 'IT.NET.USER.ZS', 'value': 'Individuals using the Internet (% of population)'}","{'id': 'JP', 'value': 'Japan'}",JPN,1983,0.0,,,1,fallback_demo
"{'id': 'IT.NET.USER.ZS', 'value': 'Individuals using the Internet (% of population)'}","{'id': 'JP', 'value': 'Japan'}",JPN,1984,0.0,,,1,fallback_demo
"{'id': 'IT.NET.USER.ZS', 'value': 'Individuals using the Internet (% of population)'}","{'id': 'JP', 'value': 'Japan'}",JPN,1985,0.0,,,1,fallback_demo
"{'id': 'IT.NET.USER.ZS', 'value': 'Individuals using the Internet (% of population)'}","{'id': 'JP', 'value': 'Japan'}",JPN,1986,0.2092,,,1,fallback_demo
"{'id': 'IT.NET.USER.ZS', 'value': 'Individuals using the Internet (% of population)'}","{'id': 'JP', 'value': 'Japan'}",JPN,1987,1.7509,,,1,fallback_demo
"{'id': 'IT.NET.USER.ZS', 'value': 'Individuals using the Internet (% of population)'}","{'id': 'JP', 'value': 'Japan'}",JPN,1988,3.4081,,,1,fallback_demo
"{'id': 'IT.NET.USER.ZS', 'value': 'Individuals using the Internet (% of population)'}","{'id': 'JP', 'value': 'Japan'}",JPN,1989,5.1829,,,1,fallback_demo
"{'id': 'IT.NET.USER.ZS', 'value': 'Individuals using the Internet (% of population)'}","{'id': 'JP', 'value': 'Japan'}",JPN,1990,7.0761,,,1,fallback_demo
"{'id': 'IT.NET.USER.ZS', 'value': 'Individuals using the Internet (% of population)'}","{'id': 'JP', 'value': 'Japan'}",JPN,1991,9.0871,,,1,fallback_demo
"{'id': 'IT.NET.USER.ZS', 'value': 'Individuals using the Internet (% of population)'}","{'id': 'JP', 'value': 'Japan'}",JPN,1992,11.2138,,,1,fallback_demo
"{'id': 'IT.NET.USER.ZS', 'value': 'Individuals using the Internet (% of population)'}","{'id': 'JP', 'value': 'Japan'}",JPN,1993,13.4523,,,1,fallback_demo
"{'id': 'IT.NET.USER.ZS', 'value': 'Individuals using the Internet (% of population)'}","{'id': 'JP', 'value': 'Japan'}",JPN,1994,15.7967,,,1,fallback_demo
"{'id': 'IT.NET.USER.ZS', 'value': 'Individuals using the Internet (% of population)'}","{'id': 'JP', 'value': 'Japan'}",JPN,1995,18.2393,,,1,fallback_demo
"{'id': 'IT.NET.USER.ZS', 'value': 'Individuals using the Internet (% of population)'}","{'id': 'JP', 'value': 'Japan'}",JPN,1996,20.7705,,,1,fallback_demo
"{'id': 'IT.NET.USER.ZS', 'value': 'Individuals using the Internet (% of population)'}","{'id': 'JP', 'value': 'Japan'}",JPN,1997,23.3788,,,1,fallback_demo
"{'id': 'IT.NET.USER.ZS', 'value': 'Individuals using the Internet (% of population)'}","{'id': 'JP', 'value': 'Japan'}",JPN,1998,26.0511,,,1,fallback_demo
"{'id': 'IT.NET.USER.ZS', 'value': 'Individuals using the Internet (% of population)'}","{'id': 'JP', 'value': 'Japan'}",JPN,1999,28.7727,,,1,fallback_demo
"{'id': 'IT.NET.USER.ZS', 'value': 'Individuals using the Internet (% of population)'}","{'id': 'JP', 'value': 'Japan'}",JPN,2000,31.5278,,,1,fallback_demo
"{'id': 'IT.NET.USER.ZS', 'value': 'Individuals using the Internet (% of population)'}","{'id': 'JP', 'value': 'Japan'}",JPN,2001,34.3,,,1,fallback_demo
"{'id': 'IT.NET.USER.ZS', 'value': 'Individuals using the Internet (% of population)'}","{'id': 'JP', 'value': 'Japan'}",JPN,2002,37.0722,,,1,fallback_demo
"{'id': 'IT.NET.USER.ZS', 'value': 'Individuals using the Internet (% of population)'}","{'id': 'JP', 'value': 'Japan'}",JPN,2003,39.8273,,,1,fallback_demo
"{'id': 'IT.NET.USER.ZS', 'value': 'Individuals using the Internet (% of population)'}","{'id': 'JP', 'value': 'Japan'}",JPN,2004,42.5489,,,1,fallback_demo
"{'id': 'IT.NET.USER.ZS', 'value': 'Individuals using the Internet (% of population)'}","{'id': 'JP', 'value': 'Japan'}",JPN,2005,45.2212,,,1,fallback_demo
"{'id': 'IT.NET.USER.ZS', 'value': 'Individuals using the Internet (% of population)'}","{'id': 'JP', 'value': 'Japan'}",JPN,2006,47.8295,,,1,fallback_demo
"{'id': 'IT.NET.USER.ZS', 'value': 'Individuals using the Internet (% of population)'}","{'id': 'JP', 'value': 'Japan'}",JPN,2007,50.3607,,,1,fallback_demo
"{'id': 'IT.NET.USER.ZS', 'value': 'Individuals using the Internet (% of population)'}","{'id': 'JP', 'value': 'Japan'}",JPN,2008,52.8033,,,1,fallback_demo
"{'id': 'IT.NET.USER.ZS', 'value': 'Individuals using the Internet (% of population)'}","{'id': 'JP', 'value': 'Japan'}",JPN,2009,55.1477,,,1,fallback_demo
"{'id': 'IT.NET.USER.ZS', 'value': 'Individuals using the Internet (% of population)'}","{'id': 'JP', 'value': 'Japan'}",JPN,2010,57.3862,,,1,fallback_demo
"{'id': 'IT.NET.USER.ZS', 'value': 'Individuals using the Internet (% of population)'}","{'id': 'JP', 'value': 'Japan'}",JPN,2011,59.5129,,,1,fallback_demo
"{'id': 'IT.NET.USER.ZS', 'value': 'Individuals using the Internet (% of population)'}","{'id': 'JP', 'value': 'Japan'}",JPN,2012,61.5239,,,1,fallback_demo
"{'id': 'IT.NET.USER.ZS', 'value': 'Individuals using the Internet (% of population)'}","{'id': 'JP', 'value': 'Japan'}",JPN,2013,63.4171,,,1,fallback_demo
"{'id': 'IT.NET.USER.ZS', 'value': 'Individuals using the Internet (% of population)'}","{'id': 'JP', 'value': 'Japan'}",JPN,2014,65.1919,,,1,fallback_demo
"{'id': 'IT.NET.USER.ZS', 'value': 'Individuals using the Internet (% of population)'}","{'id': 'JP', 'value': 'Japan'}",JPN,2015,66.8491,,,1,fallback_demo
"{'id': 'IT.NET.USER.ZS', 'value': 'Individuals using the Internet (% of population)'}","{'id': 'JP', 'value': 'Japan'}",JPN,2016,68.3908,,,1,fallback_demo
"{'id': 'IT.NET.USER.ZS', 'value': 'Individuals using the Internet (% of population)'}","{'id': 'JP', 'value': 'Japan'}",JPN,2017,69.8202,,,1,fallback_demo
"{'id': 'IT.NET.USER.ZS', 'value': 'Individuals using the Internet (% of population)'}","{'id': 'JP', 'value': 'Japan'}",JPN,2018,71.1413,,,1,fallback_demo
"{'id': 'IT.NET.USER.ZS', 'value': 'Individuals using the Internet (% of population)'}","{'id': 'JP', 'value': 'Japan'}",JPN,2019,72.3587,,,1,fallback_demo
"{'id': 'IT.NET.USER.ZS', 'value': 'Individuals using the Internet (% of population)'}","{'id': 'JP', 'value': 'Japan'}",JPN,2020,73.4775,,,1,fallback_demo
"{'id': 'IT.NET.USER.ZS', 'value': 'Individuals using the Internet (% of population)'}","{'id': 'JP', 'value': 'Japan'}",JPN,2021,74.5031,,,1,fallback_demo
"{'id': 'IT.NET.USER.ZS', 'value': 'Individuals using the Internet (% of population)'}","{'id': 'JP', 'value': 'Japan'}",JPN,2022,75.4412,,,1,fallback_demo
"{'id': 'IT.NET.USER.ZS', 'value': 'Individuals using the Internet (% of population)'}","{'id': 'JP', 'value': 'Japan'}",JPN,2023,76.2974,,,1,fallback_demo
"{'id': 'IT.NET.USER.ZS', 'value': 'Individuals using the Internet (% of population)'}","{'id': 'JP', 'value': 'Japan'}",JPN,2024,77.0775,,,1,fallback_demo
"{'id': 'IT.NET.USER.ZS', 'value': 'Individuals using the Internet (% of population)'}","{'id': 'KR', 'value': 'Korea, Rep.'}",KOR,1960,,,,1,fallback_demo
"{'id': 'IT.NET.USER.ZS', 'value': 'Individuals using the Internet (% of population)'}","{'id': 'KR', 'value': 'Korea, Rep.'}",KOR,1961,,,,1,fallback_demo
"{'id': 'IT.NET.USER.ZS', 'value': 'Individuals using the Internet (% of population)'}","{'id': 'KR', 'value': 'Korea, Rep.'}",KOR,1962,,,,1,fallback_demo
"{'id': 'IT.NET.USER.ZS', 'value': 'Individuals using the Internet (% of population)'}","{'id': 'KR', 'value': 'Korea, Rep.'}",KOR,1963,,,,1,fallback_demo
"{'id': 'IT.NET.USER.ZS', 'value': 'Individuals using the Internet (% of population)'}","{'id': 'KR', 'value': 'Korea, Rep.'}",KOR,1964,,,,1,fallback_demo
"{'id': 'IT.NET.USER.ZS', 'value': 'Individuals using the Internet (% of population)'}","{'id': 'KR', 'value': 'Korea, Rep.'}",KOR,1965,,,,1,fallback_demo
"{'id': 'IT.NET.USER.ZS', 'value': 'Individuals using the Internet (% of population)'}","{'id': 'KR', 'value': 'Korea, Rep.'}",KOR,1966,,,,1,fallback_demo
"{'id': 'IT.NET.USER.ZS', 'value': 'Individuals using the Internet (% of population)'}","{'id': 'KR', 'value': 'Korea, Rep.'}",KOR,1967,,,,1,fallback_demo
"{'id': 'IT.NET.USER.ZS', 'value': 'Individuals using the Internet (% of population)'}","{'id': 'KR', 'value': 'Korea, Rep.'}",KOR,1968,,,,1,fallback_demo
"{'id': 'IT.NET.USER.ZS', 'value': 'Individuals using the Internet (% of population)'}","{'id': 'KR', 'value': 'Korea, Rep.'}",KOR,1969,,,,1,fallback_demo
"{'id': 'IT.NET.USER.ZS', 'value': 'Individuals using the Internet (% of population)'}","{'id': 'KR', 'value': 'Korea, Rep.'}",KOR,1970,,,,1,fallback_demo
"{'id': 'IT.NET.USER.ZS', 'value': 'Individuals using the Internet (% of population)'}","{'id': 'KR', 'value': 'Korea, Rep.'}",KOR,1971,,,,1,fallback_demo
"{'id': 'IT.NET.USER.ZS', 'value': 'Individuals using the Internet (% of population)'}","{'id': 'KR', 'value': 'Korea, Rep.'}",KOR,1972,,,,1,fallback_demo
"{'id': 'IT.NET.USER.ZS', 'value': 'Individuals using the Internet (% of population)'}","{'id': 'KR', 'value': 'Korea, Rep.'}",KOR,1973,,,,1,fallback_demo
"{'id': 'IT.NET.USER.ZS', 'value': 'Individuals using the Internet (% of population)'}","{'id': 'KR', 'value': 'Korea, Rep.'}",KOR,1974,,,,1,fallback_demo
"{'id': 'IT.NET.USER.ZS', 'value': 'Individuals using the Internet (% of population)'}","{'id': 'KR', 'value': 'Korea, Rep.'}",KOR,1975,,,,1,fallback_demo
"{'id': 'IT.NET.USER.ZS', 'value': 'Individuals using the Internet (% of population)'}","{'id': 'KR', 'value': 'Korea, Rep.'}",KOR,1976,,,,1,fallback_demo
"{'id': 'IT.NET.USER.ZS', 'value': 'Individuals using the Internet (% of population)'}","{'id': 'KR', 'value': 'Korea, Rep.'}",KOR,1977,,,,1,fallback_demo
"{'id': 'IT.NET.USER.ZS', 'value': 'Individuals using the Internet (% of population)'}","{'id': 'KR', 'value': 'Korea, Rep.'}",KOR,1978,,,,1,fallback_demo
"{'id': 'IT.NET.USER.ZS', 'value': 'Individuals using the Internet (% of population)'}","{'id': 'KR', 'value': 'Korea, Rep.'}",KOR,1979,,,,1,fallback_demo
"{'id': 'IT.NET.USER.ZS', 'value': 'Individuals using the Internet (% of population)'}","{'id': 'KR', 'value': 'Korea, Rep.'}",KOR,1980,0.0,,,1,fallback_demo
"{'id': 'IT.NET.USER.ZS', 'value': 'Individuals using the Internet (% of population)'}","{'id': 'KR', 'value': 'Korea, Rep.'}",KOR,1981,0.0,,,1,fallback_demo
"{'id': 'IT.NET.USER.ZS', 'value': 'Individuals using the Internet (% of population)'}","{'id': 'KR', 'value': 'Korea, Rep.'}",KOR,1982,0.0,,,1,fallback_demo
"{'id': 'IT.NET.USER.ZS', 'value': 'Individuals using the Internet (% of population)'}","{'id': 'KR', 'value': 'Korea, Rep.'}",KOR,1983,0.0,,,1,fallback_demo
"{'id': 'IT.NET.USER.ZS', 'value': 'Individuals using the Internet (% of population)'}","{'id': 'KR', 'value': 'Korea, Rep.'}",KOR,1984,0.0,,,1,fallback_demo
"{'id': 'IT.NET.USER.ZS', 'value': 'Individuals using the Internet (% of population)'}","{'id': 'KR', 'value': 'Korea, Rep.'}",KOR,1985,0.0,,,1,fallback_demo
"{'id': 'IT.NET.USER.ZS', 'value': 'Individuals using the Internet (% of population)'}","{'id': 'KR', 'value': 'Korea, Rep.'}",KOR,1986,0.0,,,1,fallback_demo
"{'id': 'IT.NET.USER.ZS', 'value': 'Individuals using the Internet (% of population)'}","{'id': 'KR', 'value': 'Korea, Rep.'}",KOR,1987,0.0,,,1,fallback_demo
"{'id': 'IT.NET.USER.ZS', 'value': 'Individuals using the Internet (% of population)'}","{'id': 'KR', 'value': 'Korea, Rep.'}",KOR,1988,0.0,,,1,fallback_demo
"{'id': 'IT.NET.USER.ZS', 'value': 'Individuals using the Internet (% of population)'}","{'id': 'KR', 'value': 'Korea, Rep.'}",KOR,1989,0.0,,,1,fallback_demo
"{'id': 'IT.NET.USER.ZS', 'value': 'Individuals using the Internet (% of population)'}","{'id': 'KR', 'value': 'Korea, Rep.'}",KOR,1990,0.0,,,1,fallback_demo
"{'id': 'IT.NET.USER.ZS', 'value': 'Individuals using the Internet (% of population)'}","{'id': 'KR', 'value': 'Korea, Rep.'}",KOR,1991,0.0,,,1,fallback_demo
"{'id': 'IT.NET.USER.ZS', 'value': 'Individuals using the Internet (% of population)'}","{'id': 'KR', 'value': 'Korea, Rep.'}",KOR,1992,0.1259,,,1,fallback_demo
"{'id': 'IT.NET.USER.ZS', 'value': 'Individuals using the Internet (% of population)'}","{'id': 'KR', 'value': 'Korea, Rep.'}",KOR,1993,2.3213,,,1,fallback_demo
"{'id': 'IT.NET.USER.ZS', 'value': 'Individuals using the Internet (% of population)'}","{'id': 'KR', 'value': 'Korea, Rep.'}",KOR,1994,4.6483,,,1,fallback_demo
"{'id': 'IT.NET.USER.ZS', 'value': 'Individuals using the Internet (% of population)'}","{'id': 'KR', 'value': 'Korea, Rep.'}",KOR,1995,7.1011,,,1,fallback_demo
"{'id': 'IT.NET.USER.ZS', 'value': 'Individuals using the Internet (% of population)'}","{'id': 'KR', 'value': 'Korea, Rep.'}",KOR,1996,9.6716,,,1,fallback_demo
"{'id': 'IT.NET.USER.ZS', 'value': 'Individuals using the Internet (% of population)'}","{'id': 'KR', 'value': 'Korea, Rep.'}",KOR,1997,12.3488,,,1,fallback_demo
"{'id': 'IT.NET.USER.ZS', 'value': 'Individuals using the Internet (% of population)'}","{'id': 'KR', 'value': 'Korea, Rep.'}",KOR,1998,15.1197,,,1,fallback_demo
"{'id': 'IT.NET.USER.ZS', 'value': 'Individuals using the Internet (% of population)'}","{'id': 'KR', 'value': 'Korea, Rep.'}",KOR,1999,17.9686,,,1,fallback_demo
"{'id': 'IT.NET.USER.ZS', 'value': 'Individuals using the Internet (% of population)'}","{'id': 'KR', 'value': 'Korea, Rep.'}",KOR,2000,20.8779,,,1,fallback_demo
"{'id': 'IT.NET.USER.ZS', 'value': 'Individuals using the Internet (% of population)'}","{'id': 'KR', 'value': 'Korea, Rep.'}",KOR,2001,23.8285,,,1,fallback_demo
"{'id': 'IT.NET.USER.ZS', 'value': 'Individuals using the Internet (% of population)'}","{'id': 'KR', 'value': 'Korea, Rep.'}",KOR,2002,26.8,,,1,fallback_demo
"{'id': 'IT.NET.USER.ZS', 'value': 'Individuals using the Internet (% of population)'}","{'id': 'KR', 'value': 'Korea, Rep.'}",KOR,2003,29.7715,,,1,fallback_demo
"{'id': 'IT.NET.USER.ZS', 'value': 'Individuals using the Internet (% of population)'}","{'id': 'KR', 'value': 'Korea, Rep.'}",KOR,2004,32.7221,,,1,fallback_demo
"{'id': 'IT.NET.USER.ZS', 'value': 'Individuals using the Internet (% of population)'}","{'id': 'KR', 'value': 'Korea, Rep.'}",KOR,2005,35.6314,,,1,fallback_demo
"{'id': 'IT.NET.USER.ZS', 'value': 'Individuals using the Internet (% of population)'}","{'id': 'KR', 'value': 'Korea, Rep.'}",KOR,2006,38.4803,,,1,fallback_demo
"{'id': 'IT.NET.USER.ZS', 'value': 'Individuals using the Internet (% of population)'}","{'id': 'KR', 'value': 'Korea, Rep.'}",KOR,2007,41.2512,,,1,fallback_demo
"{'id': 'IT.NET.USER.ZS', 'value': 'Individuals using the Internet (% of population)'}","{'id': 'KR', 'value': 'Korea, Rep.'}",KOR,2008,43.9284,,,1,fallback_demo
"{'id': 'IT.NET.USER.ZS', 'value': 'Individuals using the Internet (% of population)'}","{'id': 'KR', 'value': 'Korea, Rep.'}",KOR,2009,46.4989,,,1,fallback_demo
"{'id': 'IT.NET.USER.ZS', 'value': 'Individuals using the Internet (% of population)'}","{'id': 'KR', 'value': 'Korea, Rep.'}",KOR,2010,48.9517,,,1,fallback_demo
"{'id': 'IT.NET.USER.ZS', 'value': 'Individuals using the Internet (% of population)'}","{'id': 'KR', 'value': 'Korea, Rep.'}",KOR,2011,51.2787,,,1,fallback_demo
"{'id': 'IT.NET.USER.ZS', 'value': 'Individuals using the Internet (% of population)'}","{'id': 'KR', 'value': 'Korea, Rep.'}",KOR,2012,53.4741,,,1,fallback_demo
"{'id': 'IT.NET.USER.ZS', 'value': 'Individuals using the Internet (% of population)'}","{'id': 'KR', 'value': 'Korea, Rep.'}",KOR,2013,55.5346,,,1,fallback_demo
"{'id': 'IT.NET.USER.ZS', 'value': 'Individuals using the Internet (% of population)'}","{'id': 'KR', 'value': 'Korea, Rep.'}",KOR,2014,57.459,,,1,fallback_demo
"{'id': 'IT.NET.USER.ZS', 'value': 'Individuals using the Internet (% of population)'}","{'id': 'KR', 'value': 'Korea, Rep.'}",KOR,2015,59.248,,,1,fallback_demo
"{'id': 'IT.NET.USER.ZS', 'value': 'Individuals using the Internet (% of population)'}","{'id': 'KR', 'value': 'Korea, Rep.'}",KOR,2016,60.9042,,,1,fallback_demo
"{'id': 'IT.NET.USER.ZS', 'value': 'Individuals using the Internet (% of population)'}","{'id': 'KR', 'value': 'Korea, Rep.'}",KOR,2017,62.4313,,,1,fallback_demo
"{'id': 'IT.NET.USER.ZS', 'value': 'Individuals using the Internet (% of population)'}","{'id': 'KR', 'value': 'Korea, Rep.'}",KOR,2018,63.8344,,,1,fallback_demo
"{'id': 'IT.NET.USER.ZS', 'value': 'Individuals using the Internet (% of population)'}","{'id': 'KR', 'value': 'Korea, Rep.'}",KOR,2019,65.1191,,,1,fallback_demo
"{'id': 'IT.NET.USER.ZS', 'value': 'Individuals using the Internet (% of population)'}","{'id': 'KR', 'value': 'Korea, Rep.'}",KOR,2020,66.2919,,,1,fallback_demo
"{'id': 'IT.NET.USER.ZS', 'value': 'Individuals using the Internet (% of population)'}","{'id': 'KR', 'value': 'Korea, Rep.'}",KOR,2021,67.3595,,,1,fallback_demo
"{'id': 'IT.NET.USER.ZS', 'value': 'Individuals using the Internet (% of population)'}","{'id': 'KR', 'value': 'Korea, Rep.'}",KOR,2022,68.3289,,,1,fallback_demo
"{'id': 'IT.NET.USER.ZS', 'value': 'Individuals using the Internet (% of population)'}","{'id': 'KR', 'value': 'Korea, Rep.'}",KOR,2023,69.2072,,,1,fallback_demo
"{'id': 'IT.NET.USER.ZS', 'value': 'Individuals using the Internet (% of population)'}","{'id': 'KR', 'value': 'Korea, Rep.'}",KOR,2024,70.0011,,,1,fallback_demo
"{'id': 'IT.NET.USER.ZS', 'value': 'Individuals using the Internet (% of population)'}","{'id': 'CN', 'value': 'China'}",CHN,1960,,,,1,fallback_demo
"{'id': 'IT.NET.USER.ZS', 'value': 'Individuals using the Internet (% of population)'}","{'id': 'CN', 'value': 'China'}",CHN,1961,,,,1,fallback_demo
"{'id': 'IT.NET.USER.ZS', 'value': 'Individuals using the Internet (% of population)'}","{'id': 'CN', 'value': 'China'}",CHN,1962,,,,1,fallback_demo
"{'id': 'IT.NET.USER.ZS', 'value': 'Individuals using the Internet (% of population)'}","{'id': 'CN', 'value': 'China'}",CHN,1963,,,,1,fallback_demo
"{'id': 'IT.NET.USER.ZS', 'value': 'Individuals using the Internet (% of population)'}","{'id': 'CN', 'value': 'China'}",CHN,1964,,,,1,fallback_demo
"{'id': 'IT.NET.USER.ZS', 'value': 'Individuals using the Internet (% of population)'}","{'id': 'CN', 'value': 'China'}",CHN,1965,,,,1,fallback_demo
"{'id': 'IT.NET.USER.ZS', 'value': 'Individuals using the Internet (% of population)'}","{'id': 'CN', 'value': 'China'}",CHN,1966,,,,1,fallback_demo
"{'id': 'IT.NET.USER.ZS', 'value': 'Individuals using the Internet (% of population)'}","{'id': 'CN', 'value': 'China'}",CHN,1967,,,,1,fallback_demo
"{'id': 'IT.NET.USER.ZS', 'value': 'Individuals using the Internet (% of population)'}","{'id': 'CN', 'value': 'China'}",CHN,1968,,,,1,fallback_demo
"{'id': 'IT.NET.USER.ZS', 'value': 'Individuals using the Internet (% of population)'}","{'id': 'CN', 'value': 'China'}",CHN,1969,,,,1,fallback_demo
"{'id': 'IT.NET.USER.ZS', 'value': 'Individuals using the Internet (% of population)'}","{'id': 'CN', 'value': 'China'}",CHN,1970,,,,1,fallback_demo
"{'id': 'IT.NET.USER.ZS', 'value': 'Individuals using the Internet (% of population)'}","{'id': 'CN', 'value': 'China'}",CHN,1971,,,,1,fallback_demo
"{'id': 'IT.NET.USER.ZS', 'value': 'Individuals using the Internet (% of population)'}","{'id': 'CN', 'value': 'China'}",CHN,1972,,,,1,fallback_demo
"{'id': 'IT.NET.USER.ZS', 'value': 'Individuals using the Internet (% of population)'}","{'id': 'CN', 'value': 'China'}",CHN,1973,,,,1,fallback_demo
"{'id': 'IT.NET.USER.ZS', 'value': 'Individuals using the Internet (% of population)'}","{'id': 'CN', 'value': 'China'}",CHN,1974,,,,1,fallback_demo
"{'id': 'IT.NET.USER.ZS', 'value': 'Individuals using the Internet (% of population)'}","{'id': 'CN', 'value': 'China'}",CHN,1975,,,,1,fallback_demo
"{'id': 'IT.NET.USER.ZS', 'value': 'Individuals using the Internet (% of population)'}","{'id': 'CN', 'value': 'China'}",CHN,1976,,,,1,fallback_demo
"{'id': 'IT.NET.USER.ZS', 'value': 'Individuals using the Internet (% of population)'}","{'id': 'CN', 'value': 'China'}",CHN,1977,,,,1,fallback_demo
"{'id': 'IT.NET.USER.ZS', 'value': 'Individuals using the Internet (% of population)'}","{'id': 'CN', 'value': 'China'}",CHN,1978,,,,1,fallback_demo
"{'id': 'IT.NET.USER.ZS', 'value': 'Individuals using the Internet (% of population)'}","{'id': 'CN', 'value': 'China'}",CHN,1979,,,,1,fallback_demo
"{'id': 'IT.NET.USER.ZS', 'value': 'Individuals using the Internet (% of population)'}","{'id': 'CN', 'value': 'China'}",CHN,1980,2.8125,,,1,fallback_demo
"{'id': 'IT.NET.USER.ZS', 'value': 'Individuals using the Internet (% of population)'}","{'id': 'CN', 'value': 'China'}",CHN,1981,3.4649,,,1,fallback_demo
"{'id': 'IT.NET.USER.ZS', 'value': 'Individuals using the Internet (% of population)'}","{'id': 'CN', 'value': 'China'}",CHN,1982,4.1949,,,1,fallback_demo
"{'id': 'IT.NET.USER.ZS', 'value': 'Individuals using the Internet (% of population)'}","{'id': 'CN', 'value': 'China'}",CHN,1983,5.0101,,,1,fallback_demo
"{'id': 'IT.NET.USER.ZS', 'value': 'Individuals using the Internet (% of population)'}","{'id': 'CN', 'value': 'China'}",CHN,1984,5.9187,,,1,fallback_demo
"{'id': 'IT.NET.USER.ZS', 'value': 'Individuals using the Internet (% of population)'}","{'id': 'CN', 'value': 'China'}",CHN,1985,6.9289,,,1,fallback_demo
"{'id': 'IT.NET.USER.ZS', 'value': 'Individuals using the Internet (% of population)'}","{'id': 'CN', 'value': 'China'}",CHN,1986,8.0493,,,1,fallback_demo
"{'id': 'IT.NET.USER.ZS', 'value': 'Individuals using the Internet (% of population)'}","{'id': 'CN', 'value': 'China'}",CHN,1987,9.2884,,,1,fallback_demo
"{'id': 'IT.NET.USER.ZS', 'value': 'Individuals using the Internet (% of population)'}","{'id': 'CN', 'value': 'China'}",CHN,1988,10.6544,,,1,fallback_demo
"{'id': 'IT.NET.USER.ZS', 'value': 'Individuals using the Internet (% of population)'}","{'id': 'CN', 'value': 'China'}",CHN,1989,12.155,,,1,fallback_demo
"{'id': 'IT.NET.USER.ZS', 'value': 'Individuals using the Internet (% of population)'}","{'id': 'CN', 'value': 'China'}",CHN,1990,13.7974,,,1,fallback_demo
"{'id': 'IT.NET.USER.ZS', 'value': 'Individuals using the Internet (% of population)'}","{'id': 'CN', 'value': 'China'}",CHN,1991,15.5873,,,1,fallback_demo
"{'id': 'IT.NET.USER.ZS', 'value': 'Individuals using the Internet (% of population)'}","{'id': 'CN', 'value': 'China'}",CHN,1992,17.5293,,,1,fallback_demo
"{'id': 'IT.NET.USER.ZS', 'value': 'Individuals using the Internet (% of population)'}","{'id': 'CN', 'value': 'China'}",CHN,1993,19.6257,,,1,fallback_demo
"{'id': 'IT.NET.USER.ZS', 'value': 'Individuals using the Internet (% of population)'}","{'id': 'CN', 'value': 'China'}",CHN,1994,21.877,,,1,fallback_demo
"{'id': 'IT.NET.USER.ZS', 'value': 'Individuals using the Internet (% of population)'}","{'id': 'CN', 'value': 'China'}",CHN,1995,24.2807,,,1,fallback_demo
"{'id': 'IT.NET.USER.ZS', 'value': 'Individuals using the Internet (% of population)'}","{'id': 'CN', 'value': 'China'}",CHN,1996,26.8316,,,1,fallback_demo
"{'id': 'IT.NET.USER.ZS', 'value': 'Individuals using the Internet (% of population)'}","{'id': 'CN', 'value': 'China'}",CHN,1997,29.5212,,,1,fallback_demo
"{'id': 'IT.NET.USER.ZS', 'value': 'Individuals using the Internet (% of population)'}","{'id': 'CN', 'value': 'China'}",CHN,1998,32.3378,,,1,fallback_demo
"{'id': 'IT.NET.USER.ZS', 'value': 'Individuals using the Internet (% of population)'}","{'id': 'CN', 'value': 'China'}",CHN,1999,35.2662,,,1,fallback_demo
"{'id': 'IT.NET.USER.ZS', 'value': 'Individuals using the Internet (% of population)'}","{'id': 'CN', 'value': 'China'}",CHN,2000,38.2886,,,1,fallback_demo
"{'id': 'IT.NET.USER.ZS', 'value': 'Individuals using the Internet (% of population)'}","{'id': 'CN', 'value': 'China'}",CHN,2001,41.3839,,,1,fallback_demo
"{'id': 'IT.NET.USER.ZS', 'value': 'Individuals using the Internet (% of population)'}","{'id': 'CN', 'value': 'China'}",CHN,2002,44.5293,,,1,fallback_demo
"{'id': 'IT.NET.USER.ZS', 'value': 'Individuals using the Internet (% of population)'}","{'id': 'CN', 'value': 'China'}",CHN,2003,47.7,,,1,fallback_demo
"{'id': 'IT.NET.USER.ZS', 'value': 'Individuals using the Internet (% of population)'}","{'id': 'CN', 'value': 'China'}",CHN,2004,50.8707,,,1,fallback_demo
"{'id': 'IT.NET.USER.ZS', 'value': 'Individuals using the Internet (% of population)'}","{'id': 'CN', 'value': 'China'}",CHN,2005,54.0161,,,1,fallback_demo
"{'id': 'IT.NET.USER.ZS', 'value': 'Individuals using the Internet (% of population)'}","{'id': 'CN', 'value': 'China'}",CHN,2006,57.1114,,,1,fallback_demo
"{'id': 'IT.NET.USER.ZS', 'value': 'Individuals using the Internet (% of population)'}","{'id': 'CN', 'value': 'China'}",CHN,2007,60.1338,,,1,fallback_demo
"{'id': 'IT.NET.USER.ZS', 'value': 'Individuals using the Internet (% of population)'}","{'id': 'CN', 'value': 'China'}",CHN,2008,63.0622,,,1,fallback_demo
"{'id': 'IT.NET.USER.ZS', 'value': 'Individuals using the Internet (% of population)'}","{'id': 'CN', 'value': 'China'}",CHN,2009,65.8788,,,1,fallback_demo
"{'id': 'IT.NET.USER.ZS', 'value': 'Individuals using the Internet (% of population)'}","{'id': 'CN', 'value': 'China'}",CHN,2010,68.5684,,,1,fallback_demo
"{'id': 'IT.NET.USER.ZS', 'value': 'Individuals using the Internet (% of population)'}","{'id': 'CN', 'value': 'China'}",CHN,2011,71.1193,,,1,fallback_demo
"{'id': 'IT.NET.USER.ZS', 'value': 'Individuals using the Internet (% of population)'}","{'id': 'CN', 'value': 'China'}",CHN,2012,73.523,,,1,fallback_demo
"{'id': 'IT.NET.USER.ZS', 'value': 'Individuals using the Internet (% of population)'}","{'id': 'CN', 'value': 'China'}",CHN,2013,75.7743,,,1,fallback_demo
"{'id': 'IT.NET.USER.ZS', 'value': 'Individuals using the Internet (% of population)'}","{'id': 'CN', 'value': 'China'}",CHN,2014,77.8707,,,1,fallback_demo
"{'id': 'IT.NET.USER.ZS', 'value': 'Individuals using the Internet (% of population)'}","{'id': 'CN', 'value': 'China'}",CHN,2015,79.8127,,,1,fallback_demo
"{'id': 'IT.NET.USER.ZS', 'value': 'Individuals using the Internet (% of population)'}","{'id': 'CN', 'value': 'China'}",CHN,2016,81.6026,,,1,fallback_demo
"{'id': 'IT.NET.USER.ZS', 'value': 'Individuals using the Internet (% of population)'}","{'id': 'CN', 'value': 'China'}",CHN,2017,83.245,,,1,fallback_demo
"{'id': 'IT.NET.USER.ZS', 'value': 'Individuals using the Internet (% of population)'}","{'id': 'CN', 'value': 'China'}",CHN,2018,84.7456,,,1,fallback_demo
"{'id': 'IT.NET.USER.ZS', 'value': 'Individuals using the Internet (% of population)'}","{'id': 'CN', 'value': 'China'}",CHN,2019,86.1116,,,1,fallback_demo
"{'id': 'IT.NET.USER.ZS', 'value': 'Individuals using the Internet (% of population)'}","{'id': 'CN', 'value': 'China'}",CHN,2020,87.3507,,,1,fallback_demo
"{'id': 'IT.NET.USER.ZS', 'value': 'Individuals using the Internet (% of population)'}","{'id': 'CN', 'value': 'China'}",CHN,2021,88.4711,,,1,fallback_demo
"{'id': 'IT.NET.USER.ZS', 'value': 'Individuals using the Internet (% of population)'}","{'id': 'CN', 'value': 'China'}",CHN,2022,89.4813,,,1,fallback_demo
"{'id': 'IT.NET.USER.ZS', 'value': 'Individuals using the Internet (% of population)'}","{'id': 'CN', 'value': 'China'}",CHN,2023,90.3899,,,1,fallback_demo
"{'id': 'IT.NET.USER.ZS', 'value': 'Individuals using the Internet (% of population)'}","{'id': 'CN', 'value': 'China'}",CHN,2024,91.2051,,,1,fallback_demo
"{'id': 'IT.NET.USER.ZS', 'value': 'Individuals using the Internet (% of population)'}","{'id': 'IN', 'value': 'India'}",IND,1960,,,,1,fallback_demo
"{'id': 'IT.NET.USER.ZS', 'value': 'Individuals using the Internet (% of population)'}","{'id': 'IN', 'value': 'India'}",IND,1961,,,,1,fallback_demo
"{'id': 'IT.NET.USER.ZS', 'value': 'Individuals using the Internet (% of population)'}","{'id': 'IN', 'value': 'India'}",IND,1962,,,,1,fallback_demo
"{'id': 'IT.NET.USER.ZS', 'value': 'Individuals using the Internet (% of population)'}","{'id': 'IN', 'value': 'India'}",IND,1963,,,,1,fallback_demo
"{'id': 'IT.NET.USER.ZS', 'value': 'Individuals using the Internet (% of population)'}","{'id': 'IN', 'value': 'India'}",IND,1964,,,,1,fallback_demo
"{'id': 'IT.NET.USER.ZS', 'value': 'Individuals using the Internet (% of population)'}","{'id': 'IN', 'value': 'India'}",IND,1965,,,,1,fallback_demo
"{'id': 'IT.NET.USER.ZS', 'value': 'Individuals using the Internet (% of population)'}","{'id': 'IN', 'value': 'India'}",IND,1966,,,,1,fallback_demo
"{'id': 'IT.NET.USER.ZS', 'value': 'Individuals using the Internet (% of population)'}","{'id': 'IN', 'value': 'India'}",IND,1967,,,,1,fallback_demo
"{'id': 'IT.NET.USER.ZS', 'value': 'Individuals using the Internet (% of population)'}","{'id': 'IN', 'value': 'India'}",IND,1968,,,,1,fallback_demo
"{'id': 'IT.NET.USER.ZS', 'value': 'Individuals using the Internet (% of population)'}","{'id': 'IN', 'value': 'India'}",IND,1969,,,,1,fallback_demo
"{'id': 'IT.NET.USER.ZS', 'value': 'Individuals using the Internet (% of population)'}","{'id': 'IN', 'value': 'India'}",IND,1970,,,,1,fallback_demo
"{'id': 'IT.NET.USER.ZS', 'value': 'Individuals using the Internet (% of population)'}","{'id': 'IN', 'value': 'India'}",IND,1971,,,,1,fallback_demo
"{'id': 'IT.NET.USER.ZS', 'value': 'Individuals using the Internet (% of population)'}","{'id': 'IN', 'value': 'India'}",IND,1972,,,,1,fallback_demo
"{'id': 'IT.NET.USER.ZS', 'value': 'Individuals using the Internet (% of population)'}","{'id': 'IN', 'value': 'India'}",IND,1973,,,,1,fallback_demo
"{'id': 'IT.NET.USER.ZS', 'value': 'Individuals using the Internet (% of population)'}","{'id': 'IN', 'value': 'India'}",IND,1974,,,,1,fallback_demo
"{'id': 'IT.NET.USER.ZS', 'value': 'Individuals using the Internet (% of population)'}","{'id': 'IN', 'value': 'India'}",IND,1975,,,,1,fallback_demo
"{'id': 'IT.NET.USER.ZS', 'value': 'Individuals using the Internet (% of population)'}","{'id': 'IN', 'value': 'India'}",IND,1976,,,,1,fallback_demo
"{'id': 'IT.NET.USER.ZS', 'value': 'Individuals using the Internet (% of population)'}","{'id': 'IN', 'value': 'India'}",IND,1977,,,,1,fallback_demo
"{'id': 'IT.NET.USER.ZS', 'value': 'Individuals using the Internet (% of population)'}","{'id': 'IN', 'value': 'India'}",IND,1978,,,,1,fallback_demo
"{'id': 'IT.NET.USER.ZS', 'value': 'Individuals using the Internet (% of population)'}","{'id': 'IN', 'value': 'India'}",IND,1979,,,,1,fallback_demo
"{'id': 'IT.NET.USER.ZS', 'value': 'Individuals using the Internet (% of population)'}","{'id': 'IN', 'value': 'India'}",IND,1980,6.2793,,,1,fallback_demo
"{'id': 'IT.NET.USER.ZS', 'value': 'Individuals using the Internet (% of population)'}","{'id': 'IN', 'value': 'India'}",IND,1981,7.1106,,,1,fallback_demo
"{'id': 'IT.NET.USER.ZS', 'value': 'Individuals using the Internet (% of population)'}","{'id': 'IN', 'value': 'India'}",IND,1982,8.0073,,,1,fallback_demo
"{'id': 'IT.NET.USER.ZS', 'value': 'Individuals using the Internet (% of population)'}","{'id': 'IN', 'value': 'India'}",IND,1983,8.9729,,,1,fallback_demo
"{'id': 'IT.NET.USER.ZS', 'value': 'Individuals using the Internet (% of population)'}","{'id': 'IN', 'value': 'India'}",IND,1984,10.0108,,,1,fallback_demo
"{'id': 'IT.NET.USER.ZS', 'value': 'Individuals using the Internet (% of population)'}","{'id': 'IN', 'value': 'India'}",IND,1985,11.1244,,,1,fallback_demo
"{'id': 'IT.NET.USER.ZS', 'value': 'Individuals using the Internet (% of population)'}","{'id': 'IN', 'value': 'India'}",IND,1986,12.3164,,,1,fallback_demo
"{'id': 'IT.NET.USER.ZS', 'value': 'Individuals using the Internet (% of population)'}","{'id': 'IN', 'value': 'India'}",IND,1987,13.5896,,,1,fallback_demo
"{'id': 'IT.NET.USER.ZS', 'value': 'Individuals using the Internet (% of population)'}","{'id': 'IN', 'value': 'India'}",IND,1988,14.9462,,,1,fallback_demo
"{'id': 'IT.NET.USER.ZS', 'value': 'Individuals using the Internet (% of population)'}","{'id': 'IN', 'value': 'India'}",IND,1989,16.3879,,,1,fallback_demo
"{'id': 'IT.NET.USER.ZS', 'value': 'Individuals using the Internet (% of population)'}","{'id': 'IN', 'value': 'India'}",IND,1990,17.9159,,,1,fallback_demo
"{'id': 'IT.NET.USER.ZS', 'value': 'Individuals using the Internet (% of population)'}","{'id': 'IN', 'value': 'India'}",IND,1991,19.5308,,,1,fallback_demo
"{'id': 'IT.NET.USER.ZS', 'value': 'Individuals using the Internet (% of population)'}","{'id': 'IN', 'value': 'India'}",IND,1992,21.232,,,1,fallback_demo
"{'id': 'IT.NET.USER.ZS', 'value': 'Individuals using the Internet (% of population)'}","{'id': 'IN', 'value': 'India'}",IND,1993,23.0186,,,1,fallback_demo
"{'id': 'IT.NET.USER.ZS', 'value': 'Individuals using the Internet (% of population)'}","{'id': 'IN', 'value': 'India'}",IND,1994,24.8885,,,1,fallback_demo
"{'id': 'IT.NET.USER.ZS', 'value': 'Individuals using the Internet (% of population)'}","{'id': 'IN', 'value': 'India'}",IND,1995,26.8385,,,1,fallback_demo
"{'id': 'IT.NET.USER.ZS', 'value': 'Individuals using the Internet (% of population)'}","{'id': 'IN', 'value': 'India'}",IND,1996,28.8646,,,1,fallback_demo
"{'id': 'IT.NET.USER.ZS', 'value': 'Individuals using the Internet (% of population)'}","{'id': 'IN', 'value': 'India'}",IND,1997,30.9617,,,1,fallback_demo
"{'id': 'IT.NET.USER.ZS', 'value': 'Individuals using the Internet (% of population)'}","{'id': 'IN', 'value': 'India'}",IND,1998,33.1237,,,1,fallback_demo
"{'id': 'IT.NET.USER.ZS', 'value': 'Individuals using the Internet (% of population)'}","{'id': 'IN', 'value': 'India'}",IND,1999,35.3433,,,1,fallback_demo
"{'id': 'IT.NET.USER.ZS', 'value': 'Individuals using the Internet (% of population)'}","{'id': 'IN', 'value': 'India'}",IND,2000,37.6127,,,1,fallback_demo
"{'id': 'IT.NET.USER.ZS', 'value': 'Individuals using the Internet (% of population)'}","{'id': 'IN', 'value': 'India'}",IND,2001,39.9228,,,1,fallback_demo
"{'id': 'IT.NET.USER.ZS', 'value': 'Individuals using the Internet (% of population)'}","{'id': 'IN', 'value': 'India'}",IND,2002,42.2642,,,1,fallback_demo
"{'id': 'IT.NET.USER.ZS', 'value': 'Individuals using the Internet (% of population)'}","{'id': 'IN', 'value': 'India'}",IND,2003,44.6268,,,1,fallback_demo
"{'id': 'IT.NET.USER.ZS', 'value': 'Individuals using the Internet (% of population)'}","{'id': 'IN', 'value': 'India'}",IND,2004,47.0,,,1,fallback_demo
"{'id': 'IT.NET.USER.ZS', 'value': 'Individuals using the Internet (% of population)'}","{'id': 'IN', 'value': 'India'}",IND,2005,49.3732,,,1,fallback_demo
"{'id': 'IT.NET.USER.ZS', 'value': 'Individuals using the Internet (% of population)'}","{'id': 'IN', 'value': 'India'}",IND,2006,51.7358,,,1,fallback_demo
"{'id': 'IT.NET.USER.ZS', 'value': 'Individuals using the Internet (% of population)'}","{'id': 'IN', 'value': 'India'}",IND,2007,54.0772,,,1,fallback_demo
"{'id': 'IT.NET.USER.ZS', 'value': 'Individuals using the Internet (% of population)'}","{'id': 'IN', 'value': 'India'}",IND,2008,56.3873,,,1,fallback_demo
"{'id': 'IT.NET.USER.ZS', 'value': 'Individuals using the Internet (% of population)'}","{'id': 'IN', 'value': 'India'}",IND,2009,58.6567,,,1,fallback_demo
"{'id': 'IT.NET.USER.ZS', 'value': 'Individuals using the Internet (% of population)'}","{'id': 'IN', 'value': 'India'}",IND,2010,60.8763,,,1,fallback_demo
"{'id': 'IT.NET.USER.ZS', 'value': 'Individuals using the Internet (% of population)'}","{'id': 'IN', 'value': 'India'}",IND,2011,63.0383,,,1,fallback_demo
"{'id': 'IT.NET.USER.ZS', 'value': 'Individuals using the Internet (% of population)'}","{'id': 'IN', 'value': 'India'}",IND,2012,65.1354,,,1,fallback_demo
"{'id': 'IT.NET.USER.ZS', 'value': 'Individuals using the Internet (% of population)'}","{'id': 'IN', 'value': 'India'}",IND,2013,67.1615,,,1,fallback_demo
"{'id': 'IT.NET.USER.ZS', 'value': 'Individuals using the Internet (% of population)'}","{'id': 'IN', 'value': 'India'}",IND,2014,69.1115,,,1,fallback_demo
"{'id': 'IT.NET.USER.ZS', 'value': 'Individuals using the Internet (% of population)'}","{'id': 'IN', 'value': 'India'}",IND,2015,70.9814,,,1,fallback_demo
"{'id': 'IT.NET.USER.ZS', 'value': 'Individuals using the Internet (% of population)'}","{'id': 'IN', 'value': 'India'}",IND,2016,72.768,,,1,fallback_demo
"{'id': 'IT.NET.USER.ZS', 'value': 'Individuals using the Internet (% of population)'}","{'id': 'IN', 'value': 'India'}",IND,2017,74.4692,,,1,fallback_demo
"{'id': 'IT.NET.USER.ZS', 'value': 'Individuals using the Internet (% of population)'}","{'id': 'IN', 'value': 'India'}",IND,2018,76.0841,,,1,fallback_demo
"{'id': 'IT.NET.USER.ZS', 'value': 'Individuals using the Internet (% of population)'}","{'id': 'IN', 'value': 'India'}",IND,2019,77.6121,,,1,fallback_demo
"{'id': 'IT.NET.USER.ZS', 'value': 'Individuals using the Internet (% of population)'}","{'id': 'IN', 'value': 'India'}",IND,2020,79.0538,,,1,fallback_demo
"{'id': 'IT.NET.USER.ZS', 'value': 'Individuals using the Internet (% of population)'}","{'id': 'IN', 'value': 'India'}",IND,2021,80.4104,,,1,fallback_demo
"{'id': 'IT.NET.USER.ZS', 'value': 'Individuals using the Internet (% of population)'}","{'id': 'IN', 'value': 'India'}",IND,2022,81.6836,,,1,fallback_demo
"{'id': 'IT.NET.USER.ZS', 'value': 'Individuals using the Internet (% of population)'}","{'id': 'IN', 'value': 'India'}",IND,2023,82.8756,,,1,fallback_demo
"{'id': 'IT.NET.USER.ZS', 'value': 'Individuals using the Internet (% of population)'}","{'id': 'IN', 'value': 'India'}",IND,2024,83.9892,,,1,fallback_demo
"{'id': 'IT.NET.USER.ZS', 'value': 'Individuals using the Internet (% of population)'}","{'id': 'AU', 'value': 'Australia'}",AUS,1960,,,,1,fallback_demo
"{'id': 'IT.NET.USER.ZS', 'value': 'Individuals using the Internet (% of population)'}","{'id': 'AU', 'value': 'Australia'}",AUS,1961,,,,1,fallback_demo
"{'id': 'IT.NET.USER.ZS', 'value': 'Individuals using the Internet (% of population)'}","{'id': 'AU', 'value': 'Australia'}",AUS,1962,,,,1,fallback_demo
"{'id': 'IT.NET.USER.ZS', 'value': 'Individuals using the Internet (% of population)'}","{'id': 'AU', 'value': 'Australia'}",AUS,1963,,,,1,fallback_demo
"{'id': 'IT.NET.USER.ZS', 'value': 'Individuals using the Internet (% of population)'}","{'id': 'AU', 'value': 'Australia'}",AUS,1964,,,,1,fallback_demo
"{'id': 'IT.NET.USER.ZS', 'value': 'Individuals using the Internet (% of population)'}","{'id': 'AU', 'value': 'Australia'}",AUS,1965,,,,1,fallback_demo
"{'id': 'IT.NET.USER.ZS', 'value': 'Individuals using the Internet (% of population)'}","{'id': 'AU', 'value': 'Australia'}",AUS,1966,,,,1,fallback_demo
"{'id': 'IT.NET.USER.ZS', 'value': 'Individuals using the Internet (% of population)'}","{'id': 'AU', 'value': 'Australia'}",AUS,1967,,,,1,fallback_demo
"{'id': 'IT.NET.USER.ZS', 'value': 'Individuals using the Internet (% of population)'}","{'id': 'AU', 'value': 'Australia'}",AUS,1968,,,,1,fallback_demo
"{'id': 'IT.NET.USER.ZS', 'value': 'Individuals using the Internet (% of population)'}","{'id': 'AU', 'value': 'Australia'}",AUS,1969,,,,1,fallback_demo
"{'id': 'IT.NET.USER.ZS', 'value': 'Individuals using the Internet (% of population)'}","{'id': 'AU', 'value': 'Australia'}",AUS,1970,,,,1,fallback_demo
"{'id': 'IT.NET.USER.ZS', 'value': 'Individuals using the Internet (% of population)'}","{'id': 'AU', 'value': 'Australia'}",AUS,1971,,,,1,fallback_demo
"{'id': 'IT.NET.USER.ZS', 'value': 'Individuals using the Internet (% of population)'}","{'id': 'AU', 'value': 'Australia'}",AUS,1972,,,,1,fallback_demo
"{'id': 'IT.NET.USER.ZS', 'value': 'Individuals using the Internet (% of population)'}","{'id': 'AU', 'value': 'Australia'}",AUS,1973,,,,1,fallback_demo
"{'id': 'IT.NET.USER.ZS', 'value': 'Individuals using the Internet (% of population)'}","{'id': 'AU', 'value': 'Australia'}",AUS,1974,,,,1,fallback_demo
"{'id': 'IT.NET.USER.ZS', 'value': 'Individuals using the Internet (% of population)'}","{'id': 'AU', 'value': 'Australia'}",AUS,1975,,,,1,fallback_demo
"{'id': 'IT.NET.USER.ZS', 'value': 'Individuals using the Internet (% of population)'}","{'id': 'AU', 'value': 'Australia'}",AUS,1976,,,,1,fallback_demo
"{'id': 'IT.NET.USER.ZS', 'value': 'Individuals using the Internet (% of population)'}","{'id': 'AU', 'value': 'Australia'}",AUS,1977,,,,1,fallback_demo
"{'id': 'IT.NET.USER.ZS', 'value': 'Individuals using the Internet (% of population)'}","{'id': 'AU', 'value': 'Australia'}",AUS,1978,,,,1,fallback_demo
"{'id': 'IT.NET.USER.ZS', 'value': 'Individuals using the Internet (% of population)'}","{'id': 'AU', 'value': 'Australia'}",AUS,1979,,,,1,fallback_demo
"{'id': 'IT.NET.USER.ZS', 'value': 'Individuals using the Internet (% of population)'}","{'id': 'AU', 'value': 'Australia'}",AUS,1980,3.3765,,,1,fallback_demo
"{'id': 'IT.NET.USER.ZS', 'value': 'Individuals using the Internet (% of population)'}","{'id': 'AU', 'value': 'Australia'}",AUS,1981,4.0845,,,1,fallback_demo
"{'id': 'IT.NET.USER.ZS', 'value': 'Individuals using the Internet (% of population)'}","{'id': 'AU', 'value': 'Australia'}",AUS,1982,4.8567,,,1,fallback_demo
"{'id': 'IT.NET.USER.ZS', 'value': 'Individuals using the Internet (% of population)'}","{'id': 'AU', 'value': 'Australia'}",AUS,1983,5.6978,,,1,fallback_demo
"{'id': 'IT.NET.USER.ZS', 'value': 'Individuals using the Internet (% of population)'}","{'id': 'AU', 'value': 'Australia'}",AUS,1984,6.6123,,,1,fallback_demo
"{'id': 'IT.NET.USER.ZS', 'value': 'Individuals using the Internet (% of population)'}","{'id': 'AU', 'value': 'Australia'}",AUS,1985,7.6046,,,1,fallback_demo
"{'id': 'IT.NET.USER.ZS', 'value': 'Individuals using the Internet (% of population)'}","{'id': 'AU', 'value': 'Australia'}",AUS,1986,8.6792,,,1,fallback_demo
"{'id': 'IT.NET.USER.ZS', 'value': 'Individuals using the Internet (% of population)'}","{'id': 'AU', 'value': 'Australia'}",AUS,1987,9.8404,,,1,fallback_demo
"{'id': 'IT.NET.USER.ZS', 'value': 'Individuals using the Internet (% of population)'}","{'id': 'AU', 'value': 'Australia'}",AUS,1988,11.0921,,,1,fallback_demo
"{'id': 'IT.NET.USER.ZS', 'value': 'Individuals using the Internet (% of population)'}","{'id': 'AU', 'value': 'Australia'}",AUS,1989,12.4379,,,1,fallback_demo
"{'id': 'IT.NET.USER.ZS', 'value': 'Individuals using the Internet (% of population)'}","{'id': 'AU', 'value': 'Australia'}",AUS,1990,13.881,,,1,fallback_demo
"{'id': 'IT.NET.USER.ZS', 'value': 'Individuals using the Internet (% of population)'}","{'id': 'AU', 'value': 'Australia'}",AUS,1991,15.4236,,,1,fallback_demo
"{'id': 'IT.NET.USER.ZS', 'value': 'Individuals using the Internet (% of population)'}","{'id': 'AU', 'value': 'Australia'}",AUS,1992,17.0675,,,1,fallback_demo
"{'id': 'IT.NET.USER.ZS', 'value': 'Individuals using the Internet (% of population)'}","{'id': 'AU', 'value': 'Australia'}",AUS,1993,18.8133,,,1,fallback_demo
"{'id': 'IT.NET.USER.ZS', 'value': 'Individuals using the Internet (% of population)'}","{'id': 'AU', 'value': 'Australia'}",AUS,1994,20.6608,,,1,fallback_demo
"{'id': 'IT.NET.USER.ZS', 'value': 'Individuals using the Internet (% of population)'}","{'id': 'AU', 'value': 'Australia'}",AUS,1995,22.6084,,,1,fallback_demo
"{'id': 'IT.NET.USER.ZS', 'value': 'Individuals using the Internet (% of population)'}","{'id': 'AU', 'value': 'Australia'}",AUS,1996,24.6534,,,1,fallback_demo
"{'id': 'IT.NET.USER.ZS', 'value': 'Individuals using the Internet (% of population)'}","{'id': 'AU', 'value': 'Australia'}",AUS,1997,26.7915,,,1,fallback_demo
"{'id': 'IT.NET.USER.ZS', 'value': 'Individuals using the Internet (% of population)'}","{'id': 'AU', 'value': 'Australia'}",AUS,1998,29.0173,,,1,fallback_demo
"{'id': 'IT.NET.USER.ZS', 'value': 'Individuals using the Internet (% of population)'}","{'id': 'AU', 'value': 'Australia'}",AUS,1999,31.3236,,,1,fallback_demo
"{'id': 'IT.NET.USER.ZS', 'value': 'Individuals using the Internet (% of population)'}","{'id': 'AU', 'value': 'Australia'}",AUS,2000,33.7022,,,1,fallback_demo
"{'id': 'IT.NET.USER.ZS', 'value': 'Individuals using the Internet (% of population)'}","{'id': 'AU', 'value': 'Australia'}",AUS,2001,36.1433,,,1,fallback_demo
"{'id': 'IT.NET.USER.ZS', 'value': 'Individuals using the Internet (% of population)'}","{'id': 'AU', 'value': 'Australia'}",AUS,2002,38.6359,,,1,fallback_demo
"{'id': 'IT.NET.USER.ZS', 'value': 'Individuals using the Internet (% of population)'}","{'id': 'AU', 'value': 'Australia'}",AUS,2003,41.1681,,,1,fallback_demo
"{'id': 'IT.NET.USER.ZS', 'value': 'Individuals using the Internet (% of population)'}","{'id': 'AU', 'value': 'Australia'}",AUS,2004,43.7273,,,1,fallback_demo
"{'id': 'IT.NET.USER.ZS', 'value': 'Individuals using the Internet (% of population)'}","{'id': 'AU', 'value': 'Australia'}",AUS,2005,46.3,,,1,fallback_demo
"{'id': 'IT.NET.USER.ZS', 'value': 'Individuals using the Internet (% of population)'}","{'id': 'AU', 'value': 'Australia'}",AUS,2006,48.8727,,,1,fallback_demo
"{'id': 'IT.NET.USER.ZS', 'value': 'Individuals using the Internet (% of population)'}","{'id': 'AU', 'value': 'Australia'}",AUS,2007,51.4319,,,1,fallback_demo
"{'id': 'IT.NET.USER.ZS', 'value': 'Individuals using the Internet (% of population)'}","{'id': 'AU', 'value': 'Australia'}",AUS,2008,53.9641,,,1,fallback_demo
"{'id': 'IT.NET.USER.ZS', 'value': 'Individuals using the Internet (% of population)'}","{'id': 'AU', 'value': 'Australia'}",AUS,2009,56.4567,,,1,fallback_demo
"{'id': 'IT.NET.USER.ZS', 'value': 'Individuals using the Internet (% of population)'}","{'id': 'AU', 'value': 'Australia'}",AUS,2010,58.8978,,,1,fallback_demo
"{'id': 'IT.NET.USER.ZS', 'value': 'Individuals using the Internet (% of population)'}","{'id': 'AU', 'value': 'Australia'}",AUS,2011,61.2764,,,1,fallback_demo
"{'id': 'IT.NET.USER.ZS', 'value': 'Individuals using the Internet (% of population)'}","{'id': 'AU', 'value': 'Australia'}",AUS,2012,63.5827,,,1,fallback_demo
"{'id': 'IT.NET.USER.ZS', 'value': 'Individuals using the Internet (% of population)'}","{'id': 'AU', 'value': 'Australia'}",AUS,2013,65.8085,,,1,fallback_demo
"{'id': 'IT.NET.USER.ZS', 'value': 'Individuals using the Internet (% of population)'}","{'id': 'AU', 'value': 'Australia'}",AUS,2014,67.9466,,,1,fallback_demo
"{'id': 'IT.NET.USER.ZS', 'value': 'Individuals using the Internet (% of population)'}","{'id': 'AU', 'value': 'Australia'}",AUS,2015,69.9916,,,1,fallback_demo
"{'id': 'IT.NET.USER.ZS', 'value': 'Individuals using the Internet (% of population)'}","{'id': 'AU', 'value': 'Australia'}",AUS,2016,71.9392,,,1,fallback_demo
"{'id': 'IT.NET.USER.ZS', 'value': 'Individuals using the Internet (% of population)'}","{'id': 'AU', 'value': 'Australia'}",AUS,2017,73.7867,,,1,fallback_demo
"{'id': 'IT.NET.USER.ZS', 'value': 'Individuals using the Internet (% of population)'}","{'id': 'AU', 'value': 'Australia'}",AUS,2018,75.5325,,,1,fallback_demo
"{'id': 'IT.NET.USER.ZS', 'value': 'Individuals using the Internet (% of population)'}","{'id': 'AU', 'value': 'Australia'}",AUS,2019,77.1764,,,1,fallback_demo
"{'id': 'IT.NET.USER.ZS', 'value': 'Individuals using the Internet (% of population)'}","{'id': 'AU', 'value': 'Australia'}",AUS,2020,78.719,,,1,fallback_demo
"{'id': 'IT.NET.USER.ZS', 'value': 'Individuals using the Internet (% of population)'}","{'id': 'AU', 'value': 'Australia'}",AUS,2021,80.1621,,,1,fallback_demo
"{'id': 'IT.NET.USER.ZS', 'value': 'Individuals using the Internet (% of population)'}","{'id': 'AU', 'value': 'Australia'}",AUS,2022,81.5079,,,1,fallback_demo
"{'id': 'IT.NET.USER.ZS', 'value': 'Individuals using the Internet (% of population)'}","{'id': 'AU', 'value': 'Australia'}",AUS,2023,82.7596,,,1,fallback_demo
"{'id': 'IT.NET.USER.ZS', 'value': 'Individuals using the Internet (% of population)'}","{'id': 'AU', 'value': 'Australia'}",AUS,2024,83.9208,,,1,fallback_demo
"{'id': 'IT.NET.USER.ZS', 'value': 'Individuals using the Internet (% of population)'}","{'id': 'BR', 'value': 'Brazil'}",BRA,1960,,,,1,fallback_demo
"{'id': 'IT.NET.USER.ZS', 'value': 'Individuals using the Internet (% of population)'}","{'id': 'BR', 'value': 'Brazil'}",BRA,1961,,,,1,fallback_demo
"{'id': 'IT.NET.USER.ZS', 'value': 'Individuals using the Internet (% of population)'}","{'id': 'BR', 'value': 'Brazil'}",BRA,1962,,,,1,fallback_demo
"{'id': 'IT.NET.USER.ZS', 'value': 'Individuals using the Internet (% of population)'}","{'id': 'BR', 'value': 'Brazil'}",BRA,1963,,,,1,fallback_demo
"{'id': 'IT.NET.USER.ZS', 'value': 'Individuals using the Internet (% of population)'}","{'id': 'BR', 'value': 'Brazil'}",BRA,1964,,,,1,fallback_demo
"{'id': 'IT.NET.USER.ZS', 'value': 'Individuals using the Internet (% of population)'}","{'id': 'BR', 'value': 'Brazil'}",BRA,1965,,,,1,fallback_demo
"{'id': 'IT.NET.USER.ZS', 'value': 'Individuals using the Internet (% of population)'}","{'id': 'BR', 'value': 'Brazil'}",BRA,1966,,,,1,fallback_demo
"{'id': 'IT.NET.USER.ZS', 'value': 'Individuals using the Internet (% of population)'}","{'id': 'BR', 'value': 'Brazil'}",BRA,1967,,,,1,fallback_demo
"{'id': 'IT.NET.USER.ZS', 'value': 'Individuals using the Internet (% of population)'}","{'id': 'BR', 'value': 'Brazil'}",BRA,1968,,,,1,fallback_demo
"{'id': 'IT.NET.USER.ZS', 'value': 'Individuals using the Internet (% of population)'}","{'id': 'BR', 'value': 'Brazil'}",BRA,1969,,,,1,fallback_demo
"{'id': 'IT.NET.USER.ZS', 'value': 'Individuals using the Internet (% of population)'}","{'id': 'BR', 'value': 'Brazil'}",BRA,1970,,,,1,fallback_demo
"{'id': 'IT.NET.USER.ZS', 'value': 'Individuals using the Internet (% of population)'}","{'id': 'BR', 'value': 'Brazil'}",BRA,1971,,,,1,fallback_demo
"{'id': 'IT.NET.USER.ZS', 'value': 'Individuals using the Internet (% of population)'}","{'id': 'BR', 'value': 'Brazil'}",BRA,1972,,,,1,fallback_demo
"{'id': 'IT.NET.USER.ZS', 'value': 'Individuals using the Internet (% of population)'}","{'id': 'BR', 'value': 'Brazil'}",BRA,1973,,,,1,fallback_demo
"{'id': 'IT.NET.USER.ZS', 'value': 'Individuals using the Internet (% of population)'}","{'id': 'BR', 'value': 'Brazil'}",BRA,1974,,,,1,fallback_demo
"{'id': 'IT.NET.USER.ZS', 'value': 'Individuals using the Internet (% of population)'}","{'id': 'BR', 'value': 'Brazil'}",BRA,1975,,,,1,fallback_demo
"{'id': 'IT.NET.USER.ZS', 'value': 'Individuals using the Internet (% of population)'}","{'id': 'BR', 'value': 'Brazil'}",BRA,1976,,,,1,fallback_demo
"{'id': 'IT.NET.USER.ZS', 'value': 'Individuals using the Internet (% of population)'}","{'id': 'BR', 'value': 'Brazil'}",BRA,1977,,,,1,fallback_demo
"{'id': 'IT.NET.USER.ZS', 'value': 'Individuals using the Internet (% of population)'}","{'id': 'BR', 'value': 'Brazil'}",BRA,1978,,,,1,fallback_demo
"{'id': 'IT.NET.USER.ZS', 'value': 'Individuals using the Internet (% of population)'}","{'id': 'BR', 'value': 'Brazil'}",BRA,1979,,,,1,fallback_demo
"{'id': 'IT.NET.USER.ZS', 'value': 'Individuals using the Internet (% of population)'}","{'id': 'BR', 'value': 'Brazil'}",BRA,1980,0.0,,,1,fallback_demo
"{'id': 'IT.NET.USER.ZS', 'value': 'Individuals using the Internet (% of population)'}","{'id': 'BR', 'value': 'Brazil'}",BRA,1981,0.0,,,1,fallback_demo
"{'id': 'IT.NET.USER.ZS', 'value': 'Individuals using the Internet (% of population)'}","{'id': 'BR', 'value': 'Brazil'}",BRA,1982,0.0,,,1,fallback_demo
"{'id': 'IT.NET.USER.ZS', 'value': 'Individuals using the Internet (% of population)'}","{'id': 'BR', 'value': 'Brazil'}",BRA,1983,0.0,,,1,fallback_demo
"{'id': 'IT.NET.USER.ZS', 'value': 'Individuals using the Internet (% of population)'}","{'id': 'BR', 'value': 'Brazil'}",BRA,1984,0.0,,,1,fallback_demo
"{'id': 'IT.NET.USER.ZS', 'value': 'Individuals using the Internet (% of population)'}","{'id': 'BR', 'value': 'Brazil'}",BRA,1985,0.0,,,1,fallback_demo
"{'id': 'IT.NET.USER.ZS', 'value': 'Individuals using the Internet (% of population)'}","{'id': 'BR', 'value': 'Brazil'}",BRA,1986,0.0,,,1,fallback_demo
"{'id': 'IT.NET.USER.ZS', 'value': 'Individuals using the Internet (% of population)'}","{'id': 'BR', 'value': 'Brazil'}",BRA,1987,0.0,,,1,fallback_demo
"{'id': 'IT.NET.USER.ZS', 'value': 'Individuals using the Internet (% of population)'}","{'id': 'BR', 'value': 'Brazil'}",BRA,1988,0.7413,,,1,fallback_demo
"{'id': 'IT.NET.USER.ZS', 'value': 'Individuals using the Internet (% of population)'}","{'id': 'BR', 'value': 'Brazil'}",BRA,1989,1.9587,,,1,fallback_demo
"{'id': 'IT.NET.USER.ZS', 'value': 'Individuals using the Internet (% of population)'}","{'id': 'BR', 'value': 'Brazil'}",BRA,1990,3.2798,,,1,fallback_demo
"{'id': 'IT.NET.USER.ZS', 'value': 'Individuals using the Internet (% of population)'}","{'id': 'BR', 'value': 'Brazil'}",BRA,1991,4.7092,,,1,fallback_demo
"{'id': 'IT.NET.USER.ZS', 'value': 'Individuals using the Internet (% of population)'}","{'id': 'BR', 'value': 'Brazil'}",BRA,1992,6.2509,,,1,fallback_demo
"{'id': 'IT.NET.USER.ZS', 'value': 'Individuals using the Internet (% of population)'}","{'id': 'BR', 'value': 'Brazil'}",BRA,1993,7.9081,,,1,fallback_demo
"{'id': 'IT.NET.USER.ZS', 'value': 'Individuals using the Internet (% of population)'}","{'id': 'BR', 'value': 'Brazil'}",BRA,1994,9.6829,,,1,fallback_demo
"{'id': 'IT.NET.USER.ZS', 'value': 'Individuals using the Internet (% of population)'}","{'id': 'BR', 'value': 'Brazil'}",BRA,1995,11.5761,,,1,fallback_demo
"{'id': 'IT.NET.USER.ZS', 'value': 'Individuals using the Internet (% of population)'}","{'id': 'BR', 'value': 'Brazil'}",BRA,1996,13.5871,,,1,fallback_demo
"{'id': 'IT.NET.USER.ZS', 'value': 'Individuals using the Internet (% of population)'}","{'id': 'BR', 'value': 'Brazil'}",BRA,1997,15.7138,,,1,fallback_demo
"{'id': 'IT.NET.USER.ZS', 'value': 'Individuals using the Internet (% of population)'}","{'id': 'BR', 'value': 'Brazil'}",BRA,1998,17.9523,,,1,fallback_demo
"{'id': 'IT.NET.USER.ZS', 'value': 'Individuals using the Internet (% of population)'}","{'id': 'BR', 'value': 'Brazil'}",BRA,1999,20.2967,,,1,fallback_demo
"{'id': 'IT.NET.USER.ZS', 'value': 'Individuals using the Internet (% of population)'}","{'id': 'BR', 'value': 'Brazil'}",BRA,2000,22.7393,,,1,fallback_demo
"{'id': 'IT.NET.USER.ZS', 'value': 'Individuals using the Internet (% of population)'}","{'id': 'BR', 'value': 'Brazil'}",BRA,2001,25.2705,,,1,fallback_demo
"{'id': 'IT.NET.USER.ZS', 'value': 'Individuals using the Internet (% of population)'}","{'id': 'BR', 'value': 'Brazil'}",BRA,2002,27.8788,,,1,fallback_demo
"{'id': 'IT.NET.USER.ZS', 'value': 'Individuals using the Internet (% of population)'}","{'id': 'BR', 'value': 'Brazil'}",BRA,2003,30.5511,,,1,fallback_demo
"{'id': 'IT.NET.USER.ZS', 'value': 'Individuals using the Internet (% of population)'}","{'id': 'BR', 'value': 'Brazil'}",BRA,2004,33.2727,,,1,fallback_demo
"{'id': 'IT.NET.USER.ZS', 'value': 'Individuals using the Internet (% of population)'}","{'id': 'BR', 'value': 'Brazil'}",BRA,2005,36.0278,,,1,fallback_demo
"{'id': 'IT.NET.USER.ZS', 'value': 'Individuals using the Internet (% of population)'}","{'id': 'BR', 'value': 'Brazil'}",BRA,2006,38.8,,,1,fallback_demo
"{'id': 'IT.NET.USER.ZS', 'value': 'Individuals using the Internet (% of population)'}","{'id': 'BR', 'value': 'Brazil'}",BRA,2007,41.5722,,,1,fallback_demo
"{'id': 'IT.NET.USER.ZS', 'value': 'Individuals using the Internet (% of population)'}","{'id': 'BR', 'value': 'Brazil'}",BRA,2008,44.3273,,,1,fallback_demo
"{'id': 'IT.NET.USER.ZS', 'value': 'Individuals using the Internet (% of population)'}","{'id': 'BR', 'value': 'Brazil'}",BRA,2009,47.0489,,,1,fallback_demo
"{'id': 'IT.NET.USER.ZS', 'value': 'Individuals using the Internet (% of population)'}","{'id': 'BR', 'value': 'Brazil'}",BRA,2010,49.7212,,,1,fallback_demo
"{'id': 'IT.NET.USER.ZS', 'value': 'Individuals using the Internet (% of population)'}","{'id': 'BR', 'value': 'Brazil'}",BRA,2011,52.3295,,,1,fallback_demo
"{'id': 'IT.NET.USER.ZS', 'value': 'Individuals using the Internet (% of population)'}","{'id': 'BR', 'value': 'Brazil'}",BRA,2012,54.8607,,,1,fallback_demo
"{'id': 'IT.NET.USER.ZS', 'value': 'Individuals using the Internet (% of population)'}","{'id': 'BR', 'value': 'Brazil'}",BRA,2013,57.3033,,,1,fallback_demo
"{'id': 'IT.NET.USER.ZS', 'value': 'Individuals using the Internet (% of population)'}","{'id': 'BR', 'value': 'Brazil'}",BRA,2014,59.6477,,,1,fallback_demo
"{'id': 'IT.NET.USER.ZS', 'value': 'Individuals using the Internet (% of population)'}","{'id': 'BR', 'value': 'Brazil'}",BRA,2015,61.8862,,,1,fallback_demo
"{'id': 'IT.NET.USER.ZS', 'value': 'Individuals using the Internet (% of population)'}","{'id': 'BR', 'value': 'Brazil'}",BRA,2016,64.0129,,,1,fallback_demo
"{'id': 'IT.NET.USER.ZS', 'value': 'Individuals using the Internet (% of population)'}","{'id': 'BR', 'value': 'Brazil'}",BRA,2017,66.0239,,,1,fallback_demo
"{'id': 'IT.NET.USER.ZS', 'value': 'Individuals using the Internet (% of population)'}","{'id': 'BR', 'value': 'Brazil'}",BRA,2018,67.9171,,,1,fallback_demo
"{'id': 'IT.NET.USER.ZS', 'value': 'Individuals using the Internet (% of population)'}","{'id': 'BR', 'value': 'Brazil'}",BRA,2019,69.6919,,,1,fallback_demo
"{'id': 'IT.NET.USER.ZS', 'value': 'Individuals using the Internet (% of population)'}","{'id': 'BR', 'value': 'Brazil'}",BRA,2020,71.3491,,,1,fallback_demo
"{'id': 'IT.NET.USER.ZS', 'value': 'Individuals using the Internet (% of population)'}","{'id': 'BR', 'value': 'Brazil'}",BRA,2021,72.8908,,,1,fallback_demo
"{'id': 'IT.NET.USER.ZS', 'value': 'Individuals using the Internet (% of population)'}","{'id': 'BR', 'value': 'Brazil'}",BRA,2022,74.3202,,,1,fallback_demo
"{'id': 'IT.NET.USER.ZS', 'value': 'Individuals using the Internet (% of population)'}","{'id': 'BR', 'value': 'Brazil'}",BRA,2023,75.6413,,,1,fallback_demo
"{'id': 'IT.NET.USER.ZS', 'value': 'Individuals using the Internet (% of population)'}","{'id': 'BR', 'value': 'Brazil'}",BRA,2024,76.8587,,,1,fallback_demo
"{'id': 'IT.NET.USER.ZS', 'value': 'Individuals using the Internet (% of population)'}","{'id': 'ZA', 'value': 'South Africa'}",ZAF,1960,,,,1,fallback_demo
"{'id': 'IT.NET.USER.ZS', 'value': 'Individuals using the Internet (% of population)'}","{'id': 'ZA', 'value': 'South Africa'}",ZAF,1961,,,,1,fallback_demo
"{'id': 'IT.NET.USER.ZS', 'value': 'Individuals using the Internet (% of population)'}","{'id': 'ZA', 'value': 'South Africa'}",ZAF,1962,,,,1,fallback_demo
"{'id': 'IT.NET.USER.ZS', 'value': 'Individuals using the Internet (% of population)'}","{'id': 'ZA', 'value': 'South Africa'}",ZAF,1963,,,,1,fallback_demo
"{'id': 'IT.NET.USER.ZS', 'value': 'Individuals using the Internet (% of population)'}","{'id': 'ZA', 'value': 'South Africa'}",ZAF,1964,,,,1,fallback_demo
"{'id': 'IT.NET.USER.ZS', 'value': 'Individuals using the Internet (% of population)'}","{'id': 'ZA', 'value': 'South Africa'}",ZAF,1965,,,,1,fallback_demo
"{'id': 'IT.NET.USER.ZS', 'value': 'Individuals using the Internet (% of population)'}","{'id': 'ZA', 'value': 'South Africa'}",ZAF,1966,,,,1,fallback_demo
"{'id': 'IT.NET.USER.ZS', 'value': 'Individuals using the Internet (% of population)'}","{'id': 'ZA', 'value': 'South Africa'}",ZAF,1967,,,,1,fallback_demo
"{'id': 'IT.NET.USER.ZS', 'value': 'Individuals using the Internet (% of population)'}","{'id': 'ZA', 'value': 'South Africa'}",ZAF,1968,,,,1,fallback_demo
"{'id': 'IT.NET.USER.ZS', 'value': 'Individuals using the Internet (% of population)'}","{'id': 'ZA', 'value': 'South Africa'}",ZAF,1969,,,,1,fallback_demo
"{'id': 'IT.NET.USER.ZS', 'value': 'Individuals using the Internet (% of population)'}","{'id': 'ZA', 'value': 'South Africa'}",ZAF,1970,,,,1,fallback_demo
"{'id': 'IT.NET.USER.ZS', 'value': 'Individuals using the Internet (% of population)'}","{'id': 'ZA', 'value': 'South Africa'}",ZAF,1971,,,,1,fallback_demo
"{'id': 'IT.NET.USER.ZS', 'value': 'Individuals using the Internet (% of population)'}","{'id': 'ZA', 'value': 'South Africa'}",ZAF,1972,,,,1,fallback_demo
"{'id': 'IT.NET.USER.ZS', 'value': 'Individuals using the Internet (% of population)'}","{'id': 'ZA', 'value': 'South Africa'}",ZAF,1973,,,,1,fallback_demo
"{'id': 'IT.NET.USER.ZS', 'value': 'Individuals using the Internet (% of population)'}","{'id': 'ZA', 'value': 'South Africa'}",ZAF,1974,,,,1,fallback_demo
"{'id': 'IT.NET.USER.ZS', 'value': 'Individuals using the Internet (% of population)'}","{'id': 'ZA', 'value': 'South Africa'}",ZAF,1975,,,,1,fallback_demo
"{'id': 'IT.NET.USER.ZS', 'value': 'Individuals using the Internet (% of population)'}","{'id': 'ZA', 'value': 'South Africa'}",ZAF,1976,,,,1,fallback_demo
"{'id': 'IT.NET.USER.ZS', 'value': 'Individuals using the Internet (% of population)'}","{'id': 'ZA', 'value': 'South Africa'}",ZAF,1977,,,,1,fallback_demo
"{'id': 'IT.NET.USER.ZS', 'value': 'Individuals using the Internet (% of population)'}","{'id': 'ZA', 'value': 'South Africa'}",ZAF,1978,,,,1,fallback_demo
"{'id': 'IT.NET.USER.ZS', 'value': 'Individuals using the Internet (% of population)'}","{'id': 'ZA', 'value': 'South Africa'}",ZAF,1979,,,,1,fallback_demo
"{'id': 'IT.NET.USER.ZS', 'value': 'Individuals using the Internet (% of population)'}","{'id': 'ZA', 'value': 'South Africa'}",ZAF,1980,0.0,,,1,fallback_demo
"{'id': 'IT.NET.USER.ZS', 'value': 'Individuals using the Internet (% of population)'}","{'id': 'ZA', 'value': 'South Africa'}",ZAF,1981,0.0,,,1,fallback_demo
"{'id': 'IT.NET.USER.ZS', 'value': 'Individuals using the Internet (% of population)'}","{'id': 'ZA', 'value': 'South Africa'}",ZAF,1982,0.0,,,1,fallback_demo
"{'id': 'IT.NET.USER.ZS', 'value': 'Individuals using the Internet (% of population)'}","{'id': 'ZA', 'value': 'South Africa'}",ZAF,1983,0.0,,,1,fallback_demo
"{'id': 'IT.NET.USER.ZS', 'value': 'Individuals using the Internet (% of population)'}","{'id': 'ZA', 'value': 'South Africa'}",ZAF,1984,0.0,,,1,fallback_demo
"{'id': 'IT.NET.USER.ZS', 'value': 'Individuals using the Internet (% of population)'}","{'id': 'ZA', 'value': 'South Africa'}",ZAF,1985,0.0,,,1,fallback_demo
"{'id': 'IT.NET.USER.ZS', 'value': 'Individuals using the Internet (% of population)'}","{'id': 'ZA', 'value': 'South Africa'}",ZAF,1986,0.0,,,1,fallback_demo
"{'id': 'IT.NET.USER.ZS', 'value': 'Individuals using the Internet (% of population)'}","{'id': 'ZA', 'value': 'South Africa'}",ZAF,1987,0.0,,,1,fallback_demo
"{'id': 'IT.NET.USER.ZS', 'value': 'Individuals using the Internet (% of population)'}","{'id': 'ZA', 'value': 'South Africa'}",ZAF,1988,0.0,,,1,fallback_demo
"{'id': 'IT.NET.USER.ZS', 'value': 'Individuals using the Internet (% of population)'}","{'id': 'ZA', 'value': 'South Africa'}",ZAF,1989,0.0,,,1,fallback_demo
"{'id': 'IT.NET.USER.ZS', 'value': 'Individuals using the Internet (% of population)'}","{'id': 'ZA', 'value': 'South Africa'}",ZAF,1990,0.0,,,1,fallback_demo
"{'id': 'IT.NET.USER.ZS', 'value': 'Individuals using the Internet (% of population)'}","{'id': 'ZA', 'value': 'South Africa'}",ZAF,1991,1.0656,,,1,fallback_demo
"{'id': 'IT.NET.USER.ZS', 'value': 'Individuals using the Internet (% of population)'}","{'id': 'ZA', 'value': 'South Africa'}",ZAF,1992,2.4687,,,1,fallback_demo
"{'id': 'IT.NET.USER.ZS', 'value': 'Individuals using the Internet (% of population)'}","{'id': 'ZA', 'value': 'South Africa'}",ZAF,1993,3.9958,,,1,fallback_demo
"{'id': 'IT.NET.USER.ZS', 'value': 'Individuals using the Internet (% of population)'}","{'id': 'ZA', 'value': 'South Africa'}",ZAF,1994,5.652,,,1,fallback_demo
"{'id': 'IT.NET.USER.ZS', 'value': 'Individuals using the Internet (% of population)'}","{'id': 'ZA', 'value': 'South Africa'}",ZAF,1995,7.441,,,1,fallback_demo
"{'id': 'IT.NET.USER.ZS', 'value': 'Individuals using the Internet (% of population)'}","{'id': 'ZA', 'value': 'South Africa'}",ZAF,1996,9.3654,,,1,fallback_demo
"{'id': 'IT.NET.USER.ZS', 'value': 'Individuals using the Internet (% of population)'}","{'id': 'ZA', 'value': 'South Africa'}",ZAF,1997,11.4259,,,1,fallback_demo
"{'id': 'IT.NET.USER.ZS', 'value': 'Individuals using the Internet (% of population)'}","{'id': 'ZA', 'value': 'South Africa'}",ZAF,1998,13.6213,,,1,fallback_demo
"{'id': 'IT.NET.USER.ZS', 'value': 'Individuals using the Internet (% of population)'}","{'id': 'ZA', 'value': 'South Africa'}",ZAF,1999,15.9483,,,1,fallback_demo
"{'id': 'IT.NET.USER.ZS', 'value': 'Individuals using the Internet (% of population)'}","{'id': 'ZA', 'value': 'South Africa'}",ZAF,2000,18.4011,,,1,fallback_demo
"{'id': 'IT.NET.USER.ZS', 'value': 'Individuals using the Internet (% of population)'}","{'id': 'ZA', 'value': 'South Africa'}",ZAF,2001,20.9716,,,1,fallback_demo
"{'id': 'IT.NET.USER.ZS', 'value': 'Individuals using the Internet (% of population)'}","{'id': 'ZA', 'value': 'South Africa'}",ZAF,2002,23.6488,,,1,fallback_demo
"{'id': 'IT.NET.USER.ZS', 'value': 'Individuals using the Internet (% of population)'}","{'id': 'ZA', 'value': 'South Africa'}",ZAF,2003,26.4197,,,1,fallback_demo
"{'id': 'IT.NET.USER.ZS', 'value': 'Individuals using the Internet (% of population)'}","{'id': 'ZA', 'value': 'South Africa'}",ZAF,2004,29.2686,,,1,fallback_demo
"{'id': 'IT.NET.USER.ZS', 'value': 'Individuals using the Internet (% of population)'}","{'id': 'ZA', 'value': 'South Africa'}",ZAF,2005,32.1779,,,1,fallback_demo
"{'id': 'IT.NET.USER.ZS', 'value': 'Individuals using the Internet (% of population)'}","{'id': 'ZA', 'value': 'South Africa'}",ZAF,2006,35.1285,,,1,fallback_demo
"{'id': 'IT.NET.USER.ZS', 'value': 'Individuals using the Internet (% of population)'}","{'id': 'ZA', 'value': 'South Africa'}",ZAF,2007,38.1,,,1,fallback_demo
"{'id': 'IT.NET.USER.ZS', 'value': 'Individuals using the Internet (% of population)'}","{'id': 'ZA', 'value': 'South Africa'}",ZAF,2008,41.0715,,,1,fallback_demo
"{'id': 'IT.NET.USER.ZS', 'value': 'Individuals using the Internet (% of population)'}","{'id': 'ZA', 'value': 'South Africa'}",ZAF,2009,44.0221,,,1,fallback_demo
"{'id': 'IT.NET.USER.ZS', 'value': 'Individuals using the Internet (% of population)'}","{'id': 'ZA', 'value': 'South Africa'}",ZAF,2010,46.9314,,,1,fallback_demo
"{'id': 'IT.NET.USER.ZS', 'value': 'Individuals using the Internet (% of population)'}","{'id': 'ZA', 'value': 'South Africa'}",ZAF,2011,49.7803,,,1,fallback_demo
"{'id': 'IT.NET.USER.ZS', 'value': 'Individuals using the Internet (% of population)'}","{'id': 'ZA', 'value': 'South Africa'}",ZAF,2012,52.5512,,,1,fallback_demo
"{'id': 'IT.NET.USER.ZS', 'value': 'Individuals using the Internet (% of population)'}","{'id': 'ZA', 'value': 'South Africa'}",ZAF,2013,55.2284,,,1,fallback_demo
"{'id': 'IT.NET.USER.ZS', 'value': 'Individuals using the Internet (% of population)'}","{'id': 'ZA', 'value': 'South Africa'}",ZAF,2014,57.7989,,,1,fallback_demo
"{'id': 'IT.NET.USER.ZS', 'value': 'Individuals using the Internet (% of population)'}","{'id': 'ZA', 'value': 'South Africa'}",ZAF,2015,60.2517,,,1,fallback_demo
"{'id': 'IT.NET.USER.ZS', 'value': 'Individuals using the Internet (% of population)'}","{'id': 'ZA', 'value': 'South Africa'}",ZAF,2016,62.5787,,,1,fallback_demo
"{'id': 'IT.NET.USER.ZS', 'value': 'Individuals using the Internet (% of population)'}","{'id': 'ZA', 'value': 'South Africa'}",ZAF,2017,64.7741,,,1,fallback_demo
"{'id': 'IT.NET.USER.ZS', 'value': 'Individuals using the Internet (% of population)'}","{'id': 'ZA', 'value': 'South Africa'}",ZAF,2018,66.8346,,,1,fallback_demo
"{'id': 'IT.NET.USER.ZS', 'value': 'Individuals using the Internet (% of population)'}","{'id': 'ZA', 'value': 'South Africa'}",ZAF,2019,68.759,,,1,fallback_demo
"{'id': 'IT.NET.USER.ZS', 'value': 'Individuals using the Internet (% of population)'}","{'id': 'ZA', 'value': 'South Africa'}",ZAF,2020,70.548,,,1,fallback_demo
"{'id': 'IT.NET.USER.ZS', 'value': 'Individuals using the Internet (% of population)'}","{'id': 'ZA', 'value': 'South Africa'}",ZAF,2021,72.2042,,,1,fallback_demo
"{'id': 'IT.NET.USER.ZS', 'value': 'Individuals using the Internet (% of population)'}","{'id': 'ZA', 'value': 'South Africa'}",ZAF,2022,73.7313,,,1,fallback_demo
"{'id': 'IT.NET.USER.ZS', 'value': 'Individuals using the Internet (% of population)'}","{'id': 'ZA', 'value': 'South Africa'}",ZAF,2023,75.1344,,,1,fallback_demo
"{'id': 'IT.NET.USER.ZS', 'value': 'Individuals using the Internet (% of population)'}","{'id': 'ZA', 'value': 'South Africa'}",ZAF,2024,76.4191,,,1,fallback_demo
"{'id': 'IT.NET.USER.ZS', 'value': 'Individuals using the Internet (% of population)'}","{'id': 'DE', 'value': 'Germany'}",DEU,1960,,,,1,fallback_demo
"{'id': 'IT.NET.USER.ZS', 'value': 'Individuals using the Internet (% of population)'}","{'id': 'DE', 'value': 'Germany'}",DEU,1961,,,,1,fallback_demo
"{'id': 'IT.NET.USER.ZS', 'value': 'Individuals using the Internet (% of population)'}","{'id': 'DE', 'value': 'Germany'}",DEU,1962,,,,1,fallback_demo
"{'id': 'IT.NET.USER.ZS', 'value': 'Individuals using the Internet (% of population)'}","{'id': 'DE', 'value': 'Germany'}",DEU,1963,,,,1,fallback_demo
"{'id': 'IT.NET.USER.ZS', 'value': 'Individuals using the Internet (% of population)'}","{'id': 'DE', 'value': 'Germany'}",DEU,1964,,,,1,fallback_demo
"{'id': 'IT.NET.USER.ZS', 'value': 'Individuals using the Internet (% of population)'}","{'id': 'DE', 'value': 'Germany'}",DEU,1965,,,,1,fallback_demo
"{'id': 'IT.NET.USER.ZS', 'value': 'Individuals using the Internet (% of population)'}","{'id': 'DE', 'value': 'Germany'}",DEU,1966,,,,1,fallback_demo
"{'id': 'IT.NET.USER.ZS', 'value': 'Individuals using the Internet (% of population)'}","{'id': 'DE', 'value': 'Germany'}",DEU,1967,,,,1,fallback_demo
"{'id': 'IT.NET.USER.ZS', 'value': 'Individuals using the Internet (% of population)'}","{'id': 'DE', 'value': 'Germany'}",DEU,1968,,,,1,fallback_demo
"{'id': 'IT.NET.USER.ZS', 'value': 'Individuals using the Internet (% of population)'}","{'id': 'DE', 'value': 'Germany'}",DEU,1969,,,,1,fallback_demo
"{'id': 'IT.NET.USER.ZS', 'value': 'Individuals using the Internet (% of population)'}","{'id': 'DE', 'value': 'Germany'}",DEU,1970,,,,1,fallback_demo
"{'id': 'IT.NET.USER.ZS', 'value': 'Individuals using the Internet (% of population)'}","{'id': 'DE', 'value': 'Germany'}",DEU,1971,,,,1,fallback_demo
"{'id': 'IT.NET.USER.ZS', 'value': 'Individuals using the Internet (% of population)'}","{'id': 'DE', 'value': 'Germany'}",DEU,1972,,,,1,fallback_demo
"{'id': 'IT.NET.USER.ZS', 'value': 'Individuals using the Internet (% of population)'}","{'id': 'DE', 'value': 'Germany'}",DEU,1973,,,,1,fallback_demo
"{'id': 'IT.NET.USER.ZS', 'value': 'Individuals using the Internet (% of population)'}","{'id': 'DE', 'value': 'Germany'}",DEU,1974,,,,1,fallback_demo
"{'id': 'IT.NET.USER.ZS', 'value': 'Individuals using the Internet (% of population)'}","{'id': 'DE', 'value': 'Germany'}",DEU,1975,,,,1,fallback_demo
"{'id': 'IT.NET.USER.ZS', 'value': 'Individuals using the Internet (% of population)'}","{'id': 'DE', 'value': 'Germany'}",DEU,1976,,,,1,fallback_demo
"{'id': 'IT.NET.USER.ZS', 'value': 'Individuals using the Internet (% of population)'}","{'id': 'DE', 'value': 'Germany'}",DEU,1977,,,,1,fallback_demo
"{'id': 'IT.NET.USER.ZS', 'value': 'Individuals using the Internet (% of population)'}","{'id': 'DE', 'value': 'Germany'}",DEU,1978,,,,1,fallback_demo
"{'id': 'IT.NET.USER.ZS', 'value': 'Individuals using the Internet (% of population)'}","{'id': 'DE', 'value': 'Germany'}",DEU,1979,,,,1,fallback_demo
"{'id': 'IT.NET.USER.ZS', 'value': 'Individuals using the Internet (% of population)'}","{'id': 'DE', 'value': 'Germany'}",DEU,1980,0.0,,,1,fallback_demo
"{'id': 'IT.NET.USER.ZS', 'value': 'Individuals using the Internet (% of population)'}","{'id': 'DE', 'value': 'Germany'}",DEU,1981,0.0,,,1,fallback_demo
"{'id': 'IT.NET.USER.ZS', 'value': 'Individuals using the Internet (% of population)'}","{'id': 'DE', 'value': 'Germany'}",DEU,1982,0.0,,,1,fallback_demo
"{'id': 'IT.NET.USER.ZS', 'value': 'Individuals using the Internet (% of population)'}","{'id': 'DE', 'value': 'Germany'}",DEU,1983,0.0,,,1,fallback_demo
"{'id': 'IT.NET.USER.ZS', 'value': 'Individuals using the Internet (% of population)'}","{'id': 'DE', 'value': 'Germany'}",DEU,1984,0.0,,,1,fallback_demo
"{'id': 'IT.NET.USER.ZS', 'value': 'Individuals using the Internet (% of population)'}","{'id': 'DE', 'value': 'Germany'}",DEU,1985,0.0,,,1,fallback_demo
"{'id': 'IT.NET.USER.ZS', 'value': 'Individuals using the Internet (% of population)'}","{'id': 'DE', 'value': 'Germany'}",DEU,1986,0.3544,,,1,fallback_demo
"{'id': 'IT.NET.USER.ZS', 'value': 'Individuals using the Internet (% of population)'}","{'id': 'DE', 'value': 'Germany'}",DEU,1987,1.855,,,1,fallback_demo
"{'id': 'IT.NET.USER.ZS', 'value': 'Individuals using the Internet (% of population)'}","{'id': 'DE', 'value': 'Germany'}",DEU,1988,3.4974,,,1,fallback_demo
"{'id': 'IT.NET.USER.ZS', 'value': 'Individuals using the Internet (% of population)'}","{'id': 'DE', 'value': 'Germany'}",DEU,1989,5.2873,,,1,fallback_demo
"{'id': 'IT.NET.USER.ZS', 'value': 'Individuals using the Internet (% of population)'}","{'id': 'DE', 'value': 'Germany'}",DEU,1990,7.2293,,,1,fallback_demo
"{'id': 'IT.NET.USER.ZS', 'value': 'Individuals using the Internet (% of population)'}","{'id': 'DE', 'value': 'Germany'}",DEU,1991,9.3257,,,1,fallback_demo
"{'id': 'IT.NET.USER.ZS', 'value': 'Individuals using the Internet (% of population)'}","{'id': 'DE', 'value': 'Germany'}",DEU,1992,11.577,,,1,fallback_demo
"{'id': 'IT.NET.USER.ZS', 'value': 'Individuals using the Internet (% of population)'}","{'id': 'DE', 'value': 'Germany'}",DEU,1993,13.9807,,,1,fallback_demo
"{'id': 'IT.NET.USER.ZS', 'value': 'Individuals using the Internet (% of population)'}","{'id': 'DE', 'value': 'Germany'}",DEU,1994,16.5316,,,1,fallback_demo
"{'id': 'IT.NET.USER.ZS', 'value': 'Individuals using the Internet (% of population)'}","{'id': 'DE', 'value': 'Germany'}",DEU,1995,19.2212,,,1,fallback_demo
"{'id': 'IT.NET.USER.ZS', 'value': 'Individuals using the Internet (% of population)'}","{'id': 'DE', 'value': 'Germany'}",DEU,1996,22.0378,,,1,fallback_demo
"{'id': 'IT.NET.USER.ZS', 'value': 'Individuals using the Internet (% of population)'}","{'id': 'DE', 'value': 'Germany'}",DEU,1997,24.9662,,,1,fallback_demo
"{'id': 'IT.NET.USER.ZS', 'value': 'Individuals using the Internet (% of population)'}","{'id': 'DE', 'value': 'Germany'}",DEU,1998,27.9886,,,1,fallback_demo
"{'id': 'IT.NET.USER.ZS', 'value': 'Individuals using the Internet (% of population)'}","{'id': 'DE', 'value': 'Germany'}",DEU,1999,31.0839,,,1,fallback_demo
"{'id': 'IT.NET.USER.ZS', 'value': 'Individuals using the Internet (% of population)'}","{'id': 'DE', 'value': 'Germany'}",DEU,2000,34.2293,,,1,fallback_demo
"{'id': 'IT.NET.USER.ZS', 'value': 'Individuals using the Internet (% of population)'}","{'id': 'DE', 'value': 'Germany'}",DEU,2001,37.4,,,1,fallback_demo
"{'id': 'IT.NET.USER.ZS', 'value': 'Individuals using the Internet (% of population)'}","{'id': 'DE', 'value': 'Germany'}",DEU,2002,40.5707,,,1,fallback_demo
"{'id': 'IT.NET.USER.ZS', 'value': 'Individuals using the Internet (% of population)'}","{'id': 'DE', 'value': 'Germany'}",DEU,2003,43.7161,,,1,fallback_demo
"{'id': 'IT.NET.USER.ZS', 'value': 'Individuals using the Internet (% of population)'}","{'id': 'DE', 'value': 'Germany'}",DEU,2004,46.8114,,,1,fallback_demo
"{'id': 'IT.NET.USER.ZS', 'value': 'Individuals using the Internet (% of population)'}","{'id': 'DE', 'value': 'Germany'}",DEU,2005,49.8338,,,1,fallback_demo
"{'id': 'IT.NET.USER.ZS', 'value': 'Individuals using the Internet (% of population)'}","{'id': 'DE', 'value': 'Germany'}",DEU,2006,52.7622,,,1,fallback_demo
"{'id': 'IT.NET.USER.ZS', 'value': 'Individuals using the Internet (% of population)'}","{'id': 'DE', 'value': 'Germany'}",DEU,2007,55.5788,,,1,fallback_demo
"{'id': 'IT.NET.USER.ZS', 'value': 'Individuals using the Internet (% of population)'}","{'id': 'DE', 'value': 'Germany'}",DEU,2008,58.2684,,,1,fallback_demo
"{'id': 'IT.NET.USER.ZS', 'value': 'Individuals using the Internet (% of population)'}","{'id': 'DE', 'value': 'Germany'}",DEU,2009,60.8193,,,1,fallback_demo
"{'id': 'IT.NET.USER.ZS', 'value': 'Individuals using the Internet (% of population)'}","{'id': 'DE', 'value': 'Germany'}",DEU,2010,63.223,,,1,fallback_demo
"{'id': 'IT.NET.USER.ZS', 'value': 'Individuals using the Internet (% of population)'}","{'id': 'DE', 'value': 'Germany'}",DEU,2011,65.4743,,,1,fallback_demo
"{'id': 'IT.NET.USER.ZS', 'value': 'Individuals using the Internet (% of population)'}","{'id': 'DE', 'value': 'Germany'}",DEU,2012,67.5707,,,1,fallback_demo
"{'id': 'IT.NET.USER.ZS', 'value': 'Individuals using the Internet (% of population)'}","{'id': 'DE', 'value': 'Germany'}",DEU,2013,69.5127,,,1,fallback_demo
"{'id': 'IT.NET.USER.ZS', 'value': 'Individuals using the Internet (% of population)'}","{'id': 'DE', 'value': 'Germany'}",DEU,2014,71.3026,,,1,fallback_demo
"{'id': 'IT.NET.USER.ZS', 'value': 'Individuals using the Internet (% of population)'}","{'id': 'DE', 'value': 'Germany'}",DEU,2015,72.945,,,1,fallback_demo
"{'id': 'IT.NET.USER.ZS', 'value': 'Individuals using the Internet (% of population)'}","{'id': 'DE', 'value': 'Germany'}",DEU,2016,74.4456,,,1,fallback_demo
"{'id': 'IT.NET.USER.ZS', 'value': 'Individuals using the Internet (% of population)'}","{'id': 'DE', 'value': 'Germany'}",DEU,2017,75.8116,,,1,fallback_demo
"{'id': 'IT.NET.USER.ZS', 'value': 'Individuals using the Internet (% of population)'}","{'id': 'DE', 'value': 'Germany'}",DEU,2018,77.0507,,,1,fallback_demo
"{'id': 'IT.NET.USER.ZS', 'value': 'Individuals using the Internet (% of population)'}","{'id': 'DE', 'value': 'Germany'}",DEU,2019,78.1711,,,1,fallback_demo
"{'id': 'IT.NET.USER.ZS', 'value': 'Individuals using the Internet (% of population)'}","{'id': 'DE', 'value': 'Germany'}",DEU,2020,79.1813,,,1,fallback_demo
"{'id': 'IT.NET.USER.ZS', 'value': 'Individuals using the Internet (% of population)'}","{'id': 'DE', 'value': 'Germany'}",DEU,2021,80.0899,,,1,fallback_demo
"{'id': 'IT.NET.USER.ZS', 'value': 'Individuals using the Internet (% of population)'}","{'id': 'DE', 'value': 'Germany'}",DEU,2022,80.9051,,,1,fallback_demo
"{'id': 'IT.NET.USER.ZS', 'value': 'Individuals using the Internet (% of population)'}","{'id': 'DE', 'value': 'Germany'}",DEU,2023,81.6351,,,1,fallback_demo
"{'id': 'IT.NET.USER.ZS', 'value': 'Individuals using the Internet (% of population)'}","{'id': 'DE', 'value': 'Germany'}",DEU,2024,82.2875,,,1,fallback_demo
"{'id': 'IT.NET.USER.ZS', 'value': 'Individuals using the Internet (% of population)'}","{'id': 'FR', 'value': 'France'}",FRA,1960,,,,1,fallback_demo
"{'id': 'IT.NET.USER.ZS', 'value': 'Individuals using the Internet (% of population)'}","{'id': 'FR', 'value': 'France'}",FRA,1961,,,,1,fallback_demo
"{'id': 'IT.NET.USER.ZS', 'value': 'Individuals using the Internet (% of population)'}","{'id': 'FR', 'value': 'France'}",FRA,1962,,,,1,fallback_demo
"{'id': 'IT.NET.USER.ZS', 'value': 'Individuals using the Internet (% of population)'}","{'id': 'FR', 'value': 'France'}",FRA,1963,,,,1,fallback_demo
"{'id': 'IT.NET.USER.ZS', 'value': 'Individuals using the Internet (% of population)'}","{'id': 'FR', 'value': 'France'}",FRA,1964,,,,1,fallback_demo
"{'id': 'IT.NET.USER.ZS', 'value': 'Individuals using the Internet (% of population)'}","{'id': 'FR', 'value': 'France'}",FRA,1965,,,,1,fallback_demo
"{'id': 'IT.NET.USER.ZS', 'value': 'Individuals using the Internet (% of population)'}","{'id': 'FR', 'value': 'France'}",FRA,1966,,,,1,fallback_demo
"{'id': 'IT.NET.USER.ZS', 'value': 'Individuals using the Internet (% of population)'}","{'id': 'FR', 'value': 'France'}",FRA,1967,,,,1,fallback_demo
"{'id': 'IT.NET.USER.ZS', 'value': 'Individuals using the Internet (% of population)'}","{'id': 'FR', 'value': 'France'}",FRA,1968,,,,1,fallback_demo
"{'id': 'IT.NET.USER.ZS', 'value': 'Individuals using the Internet (% of population)'}","{'id': 'FR', 'value': 'France'}",FRA,1969,,,,1,fallback_demo
"{'id': 'IT.NET.USER.ZS', 'value': 'Individuals using the Internet (% of population)'}","{'id': 'FR', 'value': 'France'}",FRA,1970,,,,1,fallback_demo
"{'id': 'IT.NET.USER.ZS', 'value': 'Individuals using the Internet (% of population)'}","{'id': 'FR', 'value': 'France'}",FRA,1971,,,,1,fallback_demo
"{'id': 'IT.NET.USER.ZS', 'value': 'Individuals using the Internet (% of population)'}","{'id': 'FR', 'value': 'France'}",FRA,1972,,,,1,fallback_demo
"{'id': 'IT.NET.USER.ZS', 'value': 'Individuals using the Internet (% of population)'}","{'id': 'FR', 'value': 'France'}",FRA,1973,,,,1,fallback_demo
"{'id': 'IT.NET.USER.ZS', 'value': 'Individuals using the Internet (% of population)'}","{'id': 'FR', 'value': 'France'}",FRA,1974,,,,1,fallback_demo
"{'id': 'IT.NET.USER.ZS', 'value': 'Individuals using the Internet (% of population)'}","{'id': 'FR', 'value': 'France'}",FRA,1975,,,,1,fallback_demo
"{'id': 'IT.NET.USER.ZS', 'value': 'Individuals using the Internet (% of population)'}","{'id': 'FR', 'value': 'France'}",FRA,1976,,,,1,fallback_demo
"{'id': 'IT.NET.USER.ZS', 'value': 'Individuals using the Internet (% of population)'}","{'id': 'FR', 'value': 'France'}",FRA,1977,,,,1,fallback_demo
"{'id': 'IT.NET.USER.ZS', 'value': 'Individuals using the Internet (% of population)'}","{'id': 'FR', 'value': 'France'}",FRA,1978,,,,1,fallback_demo
"{'id': 'IT.NET.USER.ZS', 'value': 'Individuals using the Internet (% of population)'}","{'id': 'FR', 'value': 'France'}",FRA,1979,,,,1,fallback_demo
"{'id': 'IT.NET.USER.ZS', 'value': 'Individuals using the Internet (% of population)'}","{'id': 'FR', 'value': 'France'}",FRA,1980,0.0,,,1,fallback_demo
"{'id': 'IT.NET.USER.ZS', 'value': 'Individuals using the Internet (% of population)'}","{'id': 'FR', 'value': 'France'}",FRA,1981,0.0,,,1,fallback_demo
"{'id': 'IT.NET.USER.ZS', 'value': 'Individuals using the Internet (% of population)'}","{'id': 'FR', 'value': 'France'}",FRA,1982,0.0,,,1,fallback_demo
"{'id': 'IT.NET.USER.ZS', 'value': 'Individuals using the Internet (% of population)'}","{'id': 'FR', 'value': 'France'}",FRA,1983,0.8244,,,1,fallback_demo
"{'id': 'IT.NET.USER.ZS', 'value': 'Individuals using the Internet (% of population)'}","{'id': 'FR', 'value': 'France'}",FRA,1984,2.0164,,,1,fallback_demo
"{'id': 'IT.NET.USER.ZS', 'value': 'Individuals using the Internet (% of population)'}","{'id': 'FR', 'value': 'France'}",FRA,1985,3.2896,,,1,fallback_demo
"{'id': 'IT.NET.USER.ZS', 'value': 'Individuals using the Internet (% of population)'}","{'id': 'FR', 'value': 'France'}",FRA,1986,4.6462,,,1,fallback_demo
"{'id': 'IT.NET.USER.ZS', 'value': 'Individuals using the Internet (% of population)'}","{'id': 'FR', 'value': 'France'}",FRA,1987,6.0879,,,1,fallback_demo
"{'id': 'IT.NET.USER.ZS', 'value': 'Individuals using the Internet (% of population)'}","{'id': 'FR', 'value': 'France'}",FRA,1988,7.6159,,,1,fallback_demo
"{'id': 'IT.NET.USER.ZS', 'value': 'Individuals using the Internet (% of population)'}","{'id': 'FR', 'value': 'France'}",FRA,1989,9.2308,,,1,fallback_demo
"{'id': 'IT.NET.USER.ZS', 'value': 'Individuals using the Internet (% of population)'}","{'id': 'FR', 'value': 'France'}",FRA,1990,10.932,,,1,fallback_demo
"{'id': 'IT.NET.USER.ZS', 'value': 'Individuals using the Internet (% of population)'}","{'id': 'FR', 'value': 'France'}",FRA,1991,12.7186,,,1,fallback_demo
"{'id': 'IT.NET.USER.ZS', 'value': 'Individuals using the Internet (% of population)'}","{'id': 'FR', 'value': 'France'}",FRA,1992,14.5885,,,1,fallback_demo
"{'id': 'IT.NET.USER.ZS', 'value': 'Individuals using the Internet (% of population)'}","{'id': 'FR', 'value': 'France'}",FRA,1993,16.5385,,,1,fallback_demo
"{'id': 'IT.NET.USER.ZS', 'value': 'Individuals using the Internet (% of population)'}","{'id': 'FR', 'value': 'France'}",FRA,1994,18.5646,,,1,fallback_demo
"{'id': 'IT.NET.USER.ZS', 'value': 'Individuals using the Internet (% of population)'}","{'id': 'FR', 'value': 'France'}",FRA,1995,20.6617,,,1,fallback_demo
"{'id': 'IT.NET.USER.ZS', 'value': 'Individuals using the Internet (% of population)'}","{'id': 'FR', 'value': 'France'}",FRA,1996,22.8237,,,1,fallback_demo
"{'id': 'IT.NET.USER.ZS', 'value': 'Individuals using the Internet (% of population)'}","{'id': 'FR', 'value': 'France'}",FRA,1997,25.0433,,,1,fallback_demo
"{'id': 'IT.NET.USER.ZS', 'value': 'Individuals using the Internet (% of population)'}","{'id': 'FR', 'value': 'France'}",FRA,1998,27.3127,,,1,fallback_demo
"{'id': 'IT.NET.USER.ZS', 'value': 'Individuals using the Internet (% of population)'}","{'id': 'FR', 'value': 'France'}",FRA,1999,29.6228,,,1,fallback_demo
"{'id': 'IT.NET.USER.ZS', 'value': 'Individuals using the Internet (% of population)'}","{'id': 'FR', 'value': 'France'}",FRA,2000,31.9642,,,1,fallback_demo
"{'id': 'IT.NET.USER.ZS', 'value': 'Individuals using the Internet (% of population)'}","{'id': 'FR', 'value': 'France'}",FRA,2001,34.3268,,,1,fallback_demo
"{'id': 'IT.NET.USER.ZS', 'value': 'Individuals using the Internet (% of population)'}","{'id': 'FR', 'value': 'France'}",FRA,2002,36.7,,,1,fallback_demo
"{'id': 'IT.NET.USER.ZS', 'value': 'Individuals using the Internet (% of population)'}","{'id': 'FR', 'value': 'France'}",FRA,2003,39.0732,,,1,fallback_demo
"{'id': 'IT.NET.USER.ZS', 'value': 'Individuals using the Internet (% of population)'}","{'id': 'FR', 'value': 'France'}",FRA,2004,41.4358,,,1,fallback_demo
"{'id': 'IT.NET.USER.ZS', 'value': 'Individuals using the Internet (% of population)'}","{'id': 'FR', 'value': 'France'}",FRA,2005,43.7772,,,1,fallback_demo
"{'id': 'IT.NET.USER.ZS', 'value': 'Individuals using the Internet (% of population)'}","{'id': 'FR', 'value': 'France'}",FRA,2006,46.0873,,,1,fallback_demo
"{'id': 'IT.NET.USER.ZS', 'value': 'Individuals using the Internet (% of population)'}","{'id': 'FR', 'value': 'France'}",FRA,2007,48.3567,,,1,fallback_demo
"{'id': 'IT.NET.USER.ZS', 'value': 'Individuals using the Internet (% of population)'}","{'id': 'FR', 'value': 'France'}",FRA,2008,50.5763,,,1,fallback_demo
"{'id': 'IT.NET.USER.ZS', 'value': 'Individuals using the Internet (% of population)'}","{'id': 'FR', 'value': 'France'}",FRA,2009,52.7383,,,1,fallback_demo
"{'id': 'IT.NET.USER.ZS', 'value': 'Individuals using the Internet (% of population)'}","{'id': 'FR', 'value': 'France'}",FRA,2010,54.8354,,,1,fallback_demo
"{'id': 'IT.NET.USER.ZS', 'value': 'Individuals using the Internet (% of population)'}","{'id': 'FR', 'value': 'France'}",FRA,2011,56.8615,,,1,fallback_demo
"{'id': 'IT.NET.USER.ZS', 'value': 'Individuals using the Internet (% of population)'}","{'id': 'FR', 'value': 'France'}",FRA,2012,58.8115,,,1,fallback_demo
"{'id': 'IT.NET.USER.ZS', 'value': 'Individuals using the Internet (% of population)'}","{'id': 'FR', 'value': 'France'}",FRA,2013,60.6814,,,1,fallback_demo
"{'id': 'IT.NET.USER.ZS', 'value': 'Individuals using the Internet (% of population)'}","{'id': 'FR', 'value': 'France'}",FRA,2014,62.468,,,1,fallback_demo
"{'id': 'IT.NET.USER.ZS', 'value': 'Individuals using the Internet (% of population)'}","{'id': 'FR', 'value': 'France'}",FRA,2015,64.1692,,,1,fallback_demo
"{'id': 'IT.NET.USER.ZS', 'value': 'Individuals using the Internet (% of population)'}","{'id': 'FR', 'value': 'France'}",FRA,2016,65.7841,,,1,fallback_demo
"{'id': 'IT.NET.USER.ZS', 'value': 'Individuals using the Internet (% of population)'}","{'id': 'FR', 'value': 'France'}",FRA,2017,67.3121,,,1,fallback_demo
"{'id': 'IT.NET.USER.ZS', 'value': 'Individuals using the Internet (% of population)'}","{'id': 'FR', 'value': 'France'}",FRA,2018,68.7538,,,1,fallback_demo
"{'id': 'IT.NET.USER.ZS', 'value': 'Individuals using the Internet (% of population)'}","{'id': 'FR', 'value': 'France'}",FRA,2019,70.1104,,,1,fallback_demo
"{'id': 'IT.NET.USER.ZS', 'value': 'Individuals using the Internet (% of population)'}","{'id': 'FR', 'value': 'France'}",FRA,2020,71.3836,,,1,fallback_demo
"{'id': 'IT.NET.USER.ZS', 'value': 'Individuals using the Internet (% of population)'}","{'id': 'FR', 'value': 'France'}",FRA,2021,72.5756,,,1,fallback_demo
"{'id': 'IT.NET.USER.ZS', 'value': 'Individuals using the Internet (% of population)'}","{'id': 'FR', 'value': 'France'}",FRA,2022,73.6892,,,1,fallback_demo
"{'id': 'IT.NET.USER.ZS', 'value': 'Individuals using the Internet (% of population)'}","{'id': 'FR', 'value': 'France'}",FRA,2023,74.7271,,,1,fallback_demo
"{'id': 'IT.NET.USER.ZS', 'value': 'Individuals using the Internet (% of population)'}","{'id': 'FR', 'value': 'France'}",FRA,2024,75.6927,,,1,fallback_demo
"{'id': 'IT.NET.USER.ZS', 'value': 'Individuals using the Internet (% of population)'}","{'id': 'GB', 'value': 'United Kingdom'}",GBR,1960,,,,1,fallback_demo
"{'id': 'IT.NET.USER.ZS', 'value': 'Individuals using the Internet (% of population)'}","{'id': 'GB', 'value': 'United Kingdom'}",GBR,1961,,,,1,fallback_demo
"{'id': 'IT.NET.USER.ZS', 'value': 'Individuals using the Internet (% of population)'}","{'id': 'GB', 'value': 'United Kingdom'}",GBR,1962,,,,1,fallback_demo
"{'id': 'IT.NET.USER.ZS', 'value': 'Individuals using the Internet (% of population)'}","{'id': 'GB', 'value': 'United Kingdom'}",GBR,1963,,,,1,fallback_demo
"{'id': 'IT.NET.USER.ZS', 'value': 'Individuals using the Internet (% of population)'}","{'id': 'GB', 'value': 'United Kingdom'}",GBR,1964,,,,1,fallback_demo
"{'id': 'IT.NET.USER.ZS', 'value': 'Individuals using the Internet (% of population)'}","{'id': 'GB', 'value': 'United Kingdom'}",GBR,1965,,,,1,fallback_demo
"{'id': 'IT.NET.USER.ZS', 'value': 'Individuals using the Internet (% of population)'}","{'id': 'GB', 'value': 'United Kingdom'}",GBR,1966,,,,1,fallback_demo
"{'id': 'IT.NET.USER.ZS', 'value': 'Individuals using the Internet (% of population)'}","{'id': 'GB', 'value': 'United Kingdom'}",GBR,1967,,,,1,fallback_demo
"{'id': 'IT.NET.USER.ZS', 'value': 'Individuals using the Internet (% of population)'}","{'id': 'GB', 'value': 'United Kingdom'}",GBR,1968,,,,1,fallback_demo
"{'id': 'IT.NET.USER.ZS', 'value': 'Individuals using the Internet (% of population)'}","{'id': 'GB', 'value': 'United Kingdom'}",GBR,1969,,,,1,fallback_demo
"{'id': 'IT.NET.USER.ZS', 'value': 'Individuals using the Internet (% of population)'}","{'id': 'GB', 'value': 'United Kingdom'}",GBR,1970,,,,1,fallback_demo
"{'id': 'IT.NET.USER.ZS', 'value': 'Individuals using the Internet (% of population)'}","{'id': 'GB', 'value': 'United Kingdom'}",GBR,1971,,,,1,fallback_demo
"{'id': 'IT.NET.USER.ZS', 'value': 'Individuals using the Internet (% of population)'}","{'id': 'GB', 'value': 'United Kingdom'}",GBR,1972,,,,1,fallback_demo
"{'id': 'IT.NET.USER.ZS', 'value': 'Individuals using the Internet (% of population)'}","{'id': 'GB', 'value': 'United Kingdom'}",GBR,1973,,,,1,fallback_demo
"{'id': 'IT.NET.USER.ZS', 'value': 'Individuals using the Internet (% of population)'}","{'id': 'GB', 'value': 'United Kingdom'}",GBR,1974,,,,1,fallback_demo
"{'id': 'IT.NET.USER.ZS', 'value': 'Individuals using the Internet (% of population)'}","{'id': 'GB', 'value': 'United Kingdom'}",GBR,1975,,,,1,fallback_demo
"{'id': 'IT.NET.USER.ZS', 'value': 'Individuals using the Internet (% of population)'}","{'id': 'GB', 'value': 'United Kingdom'}",GBR,1976,,,,1,fallback_demo
"{'id': 'IT.NET.USER.ZS', 'value': 'Individuals using the Internet (% of population)'}","{'id': 'GB', 'value': 'United Kingdom'}",GBR,1977,,,,1,fallback_demo
"{'id': 'IT.NET.USER.ZS', 'value': 'Individuals using the Internet (% of population)'}","{'id': 'GB', 'value': 'United Kingdom'}",GBR,1978,,,,1,fallback_demo
"{'id': 'IT.NET.USER.ZS', 'value': 'Individuals using the Internet (% of population)'}","{'id': 'GB', 'value': 'United Kingdom'}",GBR,1979,,,,1,fallback_demo
"{'id': 'IT.NET.USER.ZS', 'value': 'Individuals using the Internet (% of population)'}","{'id': 'GB', 'value': 'United Kingdom'}",GBR,1980,0.0,,,1,fallback_demo
"{'id': 'IT.NET.USER.ZS', 'value': 'Individuals using the Internet (% of population)'}","{'id': 'GB', 'value': 'United Kingdom'}",GBR,1981,0.0,,,1,fallback_demo
"{'id': 'IT.NET.USER.ZS', 'value': 'Individuals using the Internet (% of population)'}","{'id': 'GB', 'value': 'United Kingdom'}",GBR,1982,0.0,,,1,fallback_demo
"{'id': 'IT.NET.USER.ZS', 'value': 'Individuals using the Internet (% of population)'}","{'id': 'GB', 'value': 'United Kingdom'}",GBR,1983,0.0,,,1,fallback_demo
"{'id': 'IT.NET.USER.ZS', 'value': 'Individuals using the Internet (% of population)'}","{'id': 'GB', 'value': 'United Kingdom'}",GBR,1984,0.0,,,1,fallback_demo
"{'id': 'IT.NET.USER.ZS', 'value': 'Individuals using the Internet (% of population)'}","{'id': 'GB', 'value': 'United Kingdom'}",GBR,1985,0.0,,,1,fallback_demo
"{'id': 'IT.NET.USER.ZS', 'value': 'Individuals using the Internet (% of population)'}","{'id': 'GB', 'value': 'United Kingdom'}",GBR,1986,0.0,,,1,fallback_demo
"{'id': 'IT.NET.USER.ZS', 'value': 'Individuals using the Internet (% of population)'}","{'id': 'GB', 'value': 'United Kingdom'}",GBR,1987,0.0,,,1,fallback_demo
"{'id': 'IT.NET.USER.ZS', 'value': 'Individuals using the Internet (% of population)'}","{'id': 'GB', 'value': 'United Kingdom'}",GBR,1988,0.0,,,1,fallback_demo
"{'id': 'IT.NET.USER.ZS', 'value': 'Individuals using the Internet (% of population)'}","{'id': 'GB', 'value': 'United Kingdom'}",GBR,1989,0.0,,,1,fallback_demo
"{'id': 'IT.NET.USER.ZS', 'value': 'Individuals using the Internet (% of population)'}","{'id': 'GB', 'value': 'United Kingdom'}",GBR,1990,0.0,,,1,fallback_demo
"{'id': 'IT.NET.USER.ZS', 'value': 'Individuals using the Internet (% of population)'}","{'id': 'GB', 'value': 'United Kingdom'}",GBR,1991,1.7133,,,1,fallback_demo
"{'id': 'IT.NET.USER.ZS', 'value': 'Individuals using the Internet (% of population)'}","{'id': 'GB', 'value': 'United Kingdom'}",GBR,1992,3.5608,,,1,fallback_demo
"{'id': 'IT.NET.USER.ZS', 'value': 'Individuals using the Internet (% of population)'}","{'id': 'GB', 'value': 'United Kingdom'}",GBR,1993,5.5084,,,1,fallback_demo
"{'id': 'IT.NET.USER.ZS', 'value': 'Individuals using the Internet (% of population)'}","{'id': 'GB', 'value': 'United Kingdom'}",GBR,1994,7.5534,,,1,fallback_demo
"{'id': 'IT.NET.USER.ZS', 'value': 'Individuals using the Internet (% of population)'}","{'id': 'GB', 'value': 'United Kingdom'}",GBR,1995,9.6915,,,1,fallback_demo
"{'id': 'IT.NET.USER.ZS', 'value': 'Individuals using the Internet (% of population)'}","{'id': 'GB', 'value': 'United Kingdom'}",GBR,1996,11.9173,,,1,fallback_demo
"{'id': 'IT.NET.USER.ZS', 'value': 'Individuals using the Internet (% of population)'}","{'id': 'GB', 'value': 'United Kingdom'}",GBR,1997,14.2236,,,1,fallback_demo
"{'id': 'IT.NET.USER.ZS', 'value': 'Individuals using the Internet (% of population)'}","{'id': 'GB', 'value': 'United Kingdom'}",GBR,1998,16.6022,,,1,fallback_demo
"{'id': 'IT.NET.USER.ZS', 'value': 'Individuals using the Internet (% of population)'}","{'id': 'GB', 'value': 'United Kingdom'}",GBR,1999,19.0433,,,1,fallback_demo
"{'id': 'IT.NET.USER.ZS', 'value': 'Individuals using the Internet (% of population)'}","{'id': 'GB', 'value': 'United Kingdom'}",GBR,2000,21.5359,,,1,fallback_demo
"{'id': 'IT.NET.USER.ZS', 'value': 'Individuals using the Internet (% of population)'}","{'id': 'GB', 'value': 'United Kingdom'}",GBR,2001,24.0681,,,1,fallback_demo
"{'id': 'IT.NET.USER.ZS', 'value': 'Individuals using the Internet (% of population)'}","{'id': 'GB', 'value': 'United Kingdom'}",GBR,2002,26.6273,,,1,fallback_demo
"{'id': 'IT.NET.USER.ZS', 'value': 'Individuals using the Internet (% of population)'}","{'id': 'GB', 'value': 'United Kingdom'}",GBR,2003,29.2,,,1,fallback_demo
"{'id': 'IT.NET.USER.ZS', 'value': 'Individuals using the Internet (% of population)'}","{'id': 'GB', 'value': 'United Kingdom'}",GBR,2004,31.7727,,,1,fallback_demo
"{'id': 'IT.NET.USER.ZS', 'value': 'Individuals using the Internet (% of population)'}","{'id': 'GB', 'value': 'United Kingdom'}",GBR,2005,34.3319,,,1,fallback_demo
"{'id': 'IT.NET.USER.ZS', 'value': 'Individuals using the Internet (% of population)'}","{'id': 'GB', 'value': 'United Kingdom'}",GBR,2006,36.8641,,,1,fallback_demo
"{'id': 'IT.NET.USER.ZS', 'value': 'Individuals using the Internet (% of population)'}","{'id': 'GB', 'value': 'United Kingdom'}",GBR,2007,39.3567,,,1,fallback_demo
"{'id': 'IT.NET.USER.ZS', 'value': 'Individuals using the Internet (% of population)'}","{'id': 'GB', 'value': 'United Kingdom'}",GBR,2008,41.7978,,,1,fallback_demo
"{'id': 'IT.NET.USER.ZS', 'value': 'Individuals using the Internet (% of population)'}","{'id': 'GB', 'value': 'United Kingdom'}",GBR,2009,44.1764,,,1,fallback_demo
"{'id': 'IT.NET.USER.ZS', 'value': 'Individuals using the Internet (% of population)'}","{'id': 'GB', 'value': 'United Kingdom'}",GBR,2010,46.4827,,,1,fallback_demo
"{'id': 'IT.NET.USER.ZS', 'value': 'Individuals using the Internet (% of population)'}","{'id': 'GB', 'value': 'United Kingdom'}",GBR,2011,48.7085,,,1,fallback_demo
"{'id': 'IT.NET.USER.ZS', 'value': 'Individuals using the Internet (% of population)'}","{'id': 'GB', 'value': 'United Kingdom'}",GBR,2012,50.8466,,,1,fallback_demo
"{'id': 'IT.NET.USER.ZS', 'value': 'Individuals using the Internet (% of population)'}","{'id': 'GB', 'value': 'United Kingdom'}",GBR,2013,52.8916,,,1,fallback_demo
"{'id': 'IT.NET.USER.ZS', 'value': 'Individuals using the Internet (% of population)'}","{'id': 'GB', 'value': 'United Kingdom'}",GBR,2014,54.8392,,,1,fallback_demo
"{'id': 'IT.NET.USER.ZS', 'value': 'Individuals using the Internet (% of population)'}","{'id': 'GB', 'value': 'United Kingdom'}",GBR,2015,56.6867,,,1,fallback_demo
"{'id': 'IT.NET.USER.ZS', 'value': 'Individuals using the Internet (% of population)'}","{'id': 'GB', 'value': 'United Kingdom'}",GBR,2016,58.4325,,,1,fallback_demo
"{'id': 'IT.NET.USER.ZS', 'value': 'Individuals using the Internet (% of population)'}","{'id': 'GB', 'value': 'United Kingdom'}",GBR,2017,60.0764,,,1,fallback_demo
"{'id': 'IT.NET.USER.ZS', 'value': 'Individuals using the Internet (% of population)'}","{'id': 'GB', 'value': 'United Kingdom'}",GBR,2018,61.619,,,1,fallback_demo
"{'id': 'IT.NET.USER.ZS', 'value': 'Individuals using the Internet (% of population)'}","{'id': 'GB', 'value': 'United Kingdom'}",GBR,2019,63.0621,,,1,fallback_demo
"{'id': 'IT.NET.USER.ZS', 'value': 'Individuals using the Internet (% of population)'}","{'id': 'GB', 'value': 'United Kingdom'}",GBR,2020,64.4079,,,1,fallback_demo
"{'id': 'IT.NET.USER.ZS', 'value': 'Individuals using the Internet (% of population)'}","{'id': 'GB', 'value': 'United Kingdom'}",GBR,2021,65.6596,,,1,fallback_demo
"{'id': 'IT.NET.USER.ZS', 'value': 'Individuals using the Internet (% of population)'}","{'id': 'GB', 'value': 'United Kingdom'}",GBR,2022,66.8208,,,1,fallback_demo
"{'id': 'IT.NET.USER.ZS', 'value': 'Individuals using the Internet (% of population)'}","{'id': 'GB', 'value': 'United Kingdom'}",GBR,2023,67.8954,,,1,fallback_demo
"{'id': 'IT.NET.USER.ZS', 'value': 'Individuals using the Internet (% of population)'}","{'id': 'GB', 'value': 'United Kingdom'}",GBR,2024,68.8877,,,1,fallback_demo
"{'id': 'IT.NET.USER.ZS', 'value': 'Individuals using the Internet (% of population)'}","{'id': 'CA', 'value': 'Canada'}",CAN,1960,,,,1,fallback_demo
"{'id': 'IT.NET.USER.ZS', 'value': 'Individuals using the Internet (% of population)'}","{'id': 'CA', 'value': 'Canada'}",CAN,1961,,,,1,fallback_demo
"{'id': 'IT.NET.USER.ZS', 'value': 'Individuals using the Internet (% of population)'}","{'id': 'CA', 'value': 'Canada'}",CAN,1962,,,,1,fallback_demo
"{'id': 'IT.NET.USER.ZS', 'value': 'Individuals using the Internet (% of population)'}","{'id': 'CA', 'value': 'Canada'}",CAN,1963,,,,1,fallback_demo
"{'id': 'IT.NET.USER.ZS', 'value': 'Individuals using the Internet (% of population)'}","{'id': 'CA', 'value': 'Canada'}",CAN,1964,,,,1,fallback_demo
"{'id': 'IT.NET.USER.ZS', 'value': 'Individuals using the Internet (% of population)'}","{'id': 'CA', 'value': 'Canada'}",CAN,1965,,,,1,fallback_demo
"{'id': 'IT.NET.USER.ZS', 'value': 'Individuals using the Internet (% of population)'}","{'id': 'CA', 'value': 'Canada'}",CAN,1966,,,,1,fallback_demo
"{'id': 'IT.NET.USER.ZS', 'value': 'Individuals using the Internet (% of population)'}","{'id': 'CA', 'value': 'Canada'}",CAN,1967,,,,1,fallback_demo
"{'id': 'IT.NET.USER.ZS', 'value': 'Individuals using the Internet (% of population)'}","{'id': 'CA', 'value': 'Canada'}",CAN,1968,,,,1,fallback_demo
"{'id': 'IT.NET.USER.ZS', 'value': 'Individuals using the Internet (% of population)'}","{'id': 'CA', 'value': 'Canada'}",CAN,1969,,,,1,fallback_demo
"{'id': 'IT.NET.USER.ZS', 'value': 'Individuals using the Internet (% of population)'}","{'id': 'CA', 'value': 'Canada'}",CAN,1970,,,,1,fallback_demo
"{'id': 'IT.NET.USER.ZS', 'value': 'Individuals using the Internet (% of population)'}","{'id': 'CA', 'value': 'Canada'}",CAN,1971,,,,1,fallback_demo
"{'id': 'IT.NET.USER.ZS', 'value': 'Individuals using the Internet (% of population)'}","{'id': 'CA', 'value': 'Canada'}",CAN,1972,,,,1,fallback_demo
"{'id': 'IT.NET.USER.ZS', 'value': 'Individuals using the Internet (% of population)'}","{'id': 'CA', 'value': 'Canada'}",CAN,1973,,,,1,fallback_demo
"{'id': 'IT.NET.USER.ZS', 'value': 'Individuals using the Internet (% of population)'}","{'id': 'CA', 'value': 'Canada'}",CAN,1974,,,,1,fallback_demo
"{'id': 'IT.NET.USER.ZS', 'value': 'Individuals using the Internet (% of population)'}","{'id': 'CA', 'value': 'Canada'}",CAN,1975,,,,1,fallback_demo
"{'id': 'IT.NET.USER.ZS', 'value': 'Individuals using the Internet (% of population)'}","{'id': 'CA', 'value': 'Canada'}",CAN,1976,,,,1,fallback_demo
"{'id': 'IT.NET.USER.ZS', 'value': 'Individuals using the Internet (% of population)'}","{'id': 'CA', 'value': 'Canada'}",CAN,1977,,,,1,fallback_demo
"{'id': 'IT.NET.USER.ZS', 'value': 'Individuals using the Internet (% of population)'}","{'id': 'CA', 'value': 'Canada'}",CAN,1978,,,,1,fallback_demo
"{'id': 'IT.NET.USER.ZS', 'value': 'Individuals using the Internet (% of population)'}","{'id': 'CA', 'value': 'Canada'}",CAN,1979,,,,1,fallback_demo
"{'id': 'IT.NET.USER.ZS', 'value': 'Individuals using the Internet (% of population)'}","{'id': 'CA', 'value': 'Canada'}",CAN,1980,0.0,,,1,fallback_demo
"{'id': 'IT.NET.USER.ZS', 'value': 'Individuals using the Internet (% of population)'}","{'id': 'CA', 'value': 'Canada'}",CAN,1981,0.0,,,1,fallback_demo
"{'id': 'IT.NET.USER.ZS', 'value': 'Individuals using the Internet (% of population)'}","{'id': 'CA', 'value': 'Canada'}",CAN,1982,0.0,,,1,fallback_demo
"{'id': 'IT.NET.USER.ZS', 'value': 'Individuals using the Internet (% of population)'}","{'id': 'CA', 'value': 'Canada'}",CAN,1983,0.0,,,1,fallback_demo
"{'id': 'IT.NET.USER.ZS', 'value': 'Individuals using the Internet (% of population)'}","{'id': 'CA', 'value': 'Canada'}",CAN,1984,0.0,,,1,fallback_demo
"{'id': 'IT.NET.USER.ZS', 'value': 'Individuals using the Internet (% of population)'}","{'id': 'CA', 'value': 'Canada'}",CAN,1985,0.0,,,1,fallback_demo
"{'id': 'IT.NET.USER.ZS', 'value': 'Individuals using the Internet (% of population)'}","{'id': 'CA', 'value': 'Canada'}",CAN,1986,0.0,,,1,fallback_demo
"{'id': 'IT.NET.USER.ZS', 'value': 'Individuals using the Internet (% of population)'}","{'id': 'CA', 'value': 'Canada'}",CAN,1987,0.0,,,1,fallback_demo
"{'id': 'IT.NET.USER.ZS', 'value': 'Individuals using the Internet (% of population)'}","{'id': 'CA', 'value': 'Canada'}",CAN,1988,0.0,,,1,fallback_demo
"{'id': 'IT.NET.USER.ZS', 'value': 'Individuals using the Internet (% of population)'}","{'id': 'CA', 'value': 'Canada'}",CAN,1989,0.0,,,1,fallback_demo
"{'id': 'IT.NET.USER.ZS', 'value': 'Individuals using the Internet (% of population)'}","{'id': 'CA', 'value': 'Canada'}",CAN,1990,0.0,,,1,fallback_demo
"{'id': 'IT.NET.USER.ZS', 'value': 'Individuals using the Internet (% of population)'}","{'id': 'CA', 'value': 'Canada'}",CAN,1991,0.0,,,1,fallback_demo
"{'id': 'IT.NET.USER.ZS', 'value': 'Individuals using the Internet (% of population)'}","{'id': 'CA', 'value': 'Canada'}",CAN,1992,0.0,,,1,fallback_demo
"{'id': 'IT.NET.USER.ZS', 'value': 'Individuals using the Internet (% of population)'}","{'id': 'CA', 'value': 'Canada'}",CAN,1993,1.2761,,,1,fallback_demo
"{'id': 'IT.NET.USER.ZS', 'value': 'Individuals using the Internet (% of population)'}","{'id': 'CA', 'value': 'Canada'}",CAN,1994,3.2871,,,1,fallback_demo
"{'id': 'IT.NET.USER.ZS', 'value': 'Individuals using the Internet (% of population)'}","{'id': 'CA', 'value': 'Canada'}",CAN,1995,5.4138,,,1,fallback_demo
"{'id': 'IT.NET.USER.ZS', 'value': 'Individuals using the Internet (% of population)'}","{'id': 'CA', 'value': 'Canada'}",CAN,1996,7.6523,,,1,fallback_demo
"{'id': 'IT.NET.USER.ZS', 'value': 'Individuals using the Internet (% of population)'}","{'id': 'CA', 'value': 'Canada'}",CAN,1997,9.9967,,,1,fallback_demo
"{'id': 'IT.NET.USER.ZS', 'value': 'Individuals using the Internet (% of population)'}","{'id': 'CA', 'value': 'Canada'}",CAN,1998,12.4393,,,1,fallback_demo
"{'id': 'IT.NET.USER.ZS', 'value': 'Individuals using the Internet (% of population)'}","{'id': 'CA', 'value': 'Canada'}",CAN,1999,14.9705,,,1,fallback_demo
"{'id': 'IT.NET.USER.ZS', 'value': 'Individuals using the Internet (% of population)'}","{'id': 'CA', 'value': 'Canada'}",CAN,2000,17.5788,,,1,fallback_demo
"{'id': 'IT.NET.USER.ZS', 'value': 'Individuals using the Internet (% of population)'}","{'id': 'CA', 'value': 'Canada'}",CAN,2001,20.2511,,,1,fallback_demo
"{'id': 'IT.NET.USER.ZS', 'value': 'Individuals using the Internet (% of population)'}","{'id': 'CA', 'value': 'Canada'}",CAN,2002,22.9727,,,1,fallback_demo
"{'id': 'IT.NET.USER.ZS', 'value': 'Individuals using the Internet (% of population)'}","{'id': 'CA', 'value': 'Canada'}",CAN,2003,25.7278,,,1,fallback_demo
"{'id': 'IT.NET.USER.ZS', 'value': 'Individuals using the Internet (% of population)'}","{'id': 'CA', 'value': 'Canada'}",CAN,2004,28.5,,,1,fallback_demo
"{'id': 'IT.NET.USER.ZS', 'value': 'Individuals using the Internet (% of population)'}","{'id': 'CA', 'value': 'Canada'}",CAN,2005,31.2722,,,1,fallback_demo
"{'id': 'IT.NET.USER.ZS', 'value': 'Individuals using the Internet (% of population)'}","{'id': 'CA', 'value': 'Canada'}",CAN,2006,34.0273,,,1,fallback_demo
"{'id': 'IT.NET.USER.ZS', 'value': 'Individuals using the Internet (% of population)'}","{'id': 'CA', 'value': 'Canada'}",CAN,2007,36.7489,,,1,fallback_demo
"{'id': 'IT.NET.USER.ZS', 'value': 'Individuals using the Internet (% of population)'}","{'id': 'CA', 'value': 'Canada'}",CAN,2008,39.4212,,,1,fallback_demo
"{'id': 'IT.NET.USER.ZS', 'value': 'Individuals using the Internet (% of population)'}","{'id': 'CA', 'value': 'Canada'}",CAN,2009,42.0295,,,1,fallback_demo
"{'id': 'IT.NET.USER.ZS', 'value': 'Individuals using the Internet (% of population)'}","{'id': 'CA', 'value': 'Canada'}",CAN,2010,44.5607,,,1,fallback_demo
"{'id': 'IT.NET.USER.ZS', 'value': 'Individuals using the Internet (% of population)'}","{'id': 'CA', 'value': 'Canada'}",CAN,2011,47.0033,,,1,fallback_demo
"{'id': 'IT.NET.USER.ZS', 'value': 'Individuals using the Internet (% of population)'}","{'id': 'CA', 'value': 'Canada'}",CAN,2012,49.3477,,,1,fallback_demo
"{'id': 'IT.NET.USER.ZS', 'value': 'Individuals using the Internet (% of population)'}","{'id': 'CA', 'value': 'Canada'}",CAN,2013,51.5862,,,1,fallback_demo
"{'id': 'IT.NET.USER.ZS', 'value': 'Individuals using the Internet (% of population)'}","{'id': 'CA', 'value': 'Canada'}",CAN,2014,53.7129,,,1,fallback_demo
"{'id': 'IT.NET.USER.ZS', 'value': 'Individuals using the Internet (% of population)'}","{'id': 'CA', 'value': 'Canada'}",CAN,2015,55.7239,,,1,fallback_demo
"{'id': 'IT.NET.USER.ZS', 'value': 'Individuals using the Internet (% of population)'}","{'id': 'CA', 'value': 'Canada'}",CAN,2016,57.6171,,,1,fallback_demo
"{'id': 'IT.NET.USER.ZS', 'value': 'Individuals using the Internet (% of population)'}","{'id': 'CA', 'value': 'Canada'}",CAN,2017,59.3919,,,1,fallback_demo
"{'id': 'IT.NET.USER.ZS', 'value': 'Individuals using the Internet (% of population)'}","{'id': 'CA', 'value': 'Canada'}",CAN,2018,61.0491,,,1,fallback_demo
"{'id': 'IT.NET.USER.ZS', 'value': 'Individuals using the Internet (% of population)'}","{'id': 'CA', 'value': 'Canada'}",CAN,2019,62.5908,,,1,fallback_demo
"{'id': 'IT.NET.USER.ZS', 'value': 'Individuals using the Internet (% of population)'}","{'id': 'CA', 'value': 'Canada'}",CAN,2020,64.0202,,,1,fallback_demo
"{'id': 'IT.NET.USER.ZS', 'value': 'Individuals using the Internet (% of population)'}","{'id': 'CA', 'value': 'Canada'}",CAN,2021,65.3413,,,1,fallback_demo
"{'id': 'IT.NET.USER.ZS', 'value': 'Individuals using the Internet (% of population)'}","{'id': 'CA', 'value': 'Canada'}",CAN,2022,66.5587,,,1,fallback_demo
"{'id': 'IT.NET.USER.ZS', 'value': 'Individuals using the Internet (% of population)'}","{'id': 'CA', 'value': 'Canada'}",CAN,2023,67.6775,,,1,fallback_demo
"{'id': 'IT.NET.USER.ZS', 'value': 'Individuals using the Internet (% of population)'}","{'id': 'CA', 'value': 'Canada'}",CAN,2024,68.7031,,,1,fallback_demo
"{'id': 'IT.NET.USER.ZS', 'value': 'Individuals using the Internet (% of population)'}","{'id': 'MX', 'value': 'Mexico'}",MEX,1960,,,,1,fallback_demo
"{'id': 'IT.NET.USER.ZS', 'value': 'Individuals using the Internet (% of population)'}","{'id': 'MX', 'value': 'Mexico'}",MEX,1961,,,,1,fallback_demo
"{'id': 'IT.NET.USER.ZS', 'value': 'Individuals using the Internet (% of population)'}","{'id': 'MX', 'value': 'Mexico'}",MEX,1962,,,,1,fallback_demo
"{'id': 'IT.NET.USER.ZS', 'value': 'Individuals using the Internet (% of population)'}","{'id': 'MX', 'value': 'Mexico'}",MEX,1963,,,,1,fallback_demo
"{'id': 'IT.NET.USER.ZS', 'value': 'Individuals using the Internet (% of population)'}","{'id': 'MX', 'value': 'Mexico'}",MEX,1964,,,,1,fallback_demo
"{'id': 'IT.NET.USER.ZS', 'value': 'Individuals using the Internet (% of population)'}","{'id': 'MX', 'value': 'Mexico'}",MEX,1965,,,,1,fallback_demo
"{'id': 'IT.NET.USER.ZS', 'value': 'Individuals using the Internet (% of population)'}","{'id': 'MX', 'value': 'Mexico'}",MEX,1966,,,,1,fallback_demo
"{'id': 'IT.NET.USER.ZS', 'value': 'Individuals using the Internet (% of population)'}","{'id': 'MX', 'value': 'Mexico'}",MEX,1967,,,,1,fallback_demo
"{'id': 'IT.NET.USER.ZS', 'value': 'Individuals using the Internet (% of population)'}","{'id': 'MX', 'value': 'Mexico'}",MEX,1968,,,,1,fallback_demo
"{'id': 'IT.NET.USER.ZS', 'value': 'Individuals using the Internet (% of population)'}","{'id': 'MX', 'value': 'Mexico'}",MEX,1969,,,,1,fallback_demo
"{'id': 'IT.NET.USER.ZS', 'value': 'Individuals using the Internet (% of population)'}","{'id': 'MX', 'value': 'Mexico'}",MEX,1970,,,,1,fallback_demo
"{'id': 'IT.NET.USER.ZS', 'value': 'Individuals using the Internet (% of population)'}","{'id': 'MX', 'value': 'Mexico'}",MEX,1971,,,,1,fallback_demo
"{'id': 'IT.NET.USER.ZS', 'value': 'Individuals using the Internet (% of population)'}","{'id': 'MX', 'value': 'Mexico'}",MEX,1972,,,,1,fallback_demo
"{'id': 'IT.NET.USER.ZS', 'value': 'Individuals using the Internet (% of population)'}","{'id': 'MX', 'value': 'Mexico'}",MEX,1973,,,,1,fallback_demo
"{'id': 'IT.NET.USER.ZS', 'value': 'Individuals using the Internet (% of population)'}","{'id': 'MX', 'value': 'Mexico'}",MEX,1974,,,,1,fallback_demo
"{'id': 'IT.NET.USER.ZS', 'value': 'Individuals using the Internet (% of population)'}","{'id': 'MX', 'value': 'Mexico'}",MEX,1975,,,,1,fallback_demo
"{'id': 'IT.NET.USER.ZS', 'value': 'Individuals using the Internet (% of population)'}","{'id': 'MX', 'value': 'Mexico'}",MEX,1976,,,,1,fallback_demo
"{'id': 'IT.NET.USER.ZS', 'value': 'Individuals using the Internet (% of population)'}","{'id': 'MX', 'value': 'Mexico'}",MEX,1977,,,,1,fallback_demo
"{'id': 'IT.NET.USER.ZS', 'value': 'Individuals using the Internet (% of population)'}","{'id': 'MX', 'value': 'Mexico'}",MEX,1978,,,,1,fallback_demo
"{'id': 'IT.NET.USER.ZS', 'value': 'Individuals using the Internet (% of population)'}","{'id': 'MX', 'value': 'Mexico'}",MEX,1979,,,,1,fallback_demo
"{'id': 'IT.NET.USER.ZS', 'value': 'Individuals using the Internet (% of population)'}","{'id': 'MX', 'value': 'Mexico'}",MEX,1980,4.2568,,,1,fallback_demo
"{'id': 'IT.NET.USER.ZS', 'value': 'Individuals using the Internet (% of population)'}","{'id': 'MX', 'value': 'Mexico'}",MEX,1981,4.8372,,,1,fallback_demo
"{'id': 'IT.NET.USER.ZS', 'value': 'Individuals using the Internet (% of population)'}","{'id': 'MX', 'value': 'Mexico'}",MEX,1982,5.4825,,,1,fallback_demo
"{'id': 'IT.NET.USER.ZS', 'value': 'Individuals using the Internet (% of population)'}","{'id': 'MX', 'value': 'Mexico'}",MEX,1983,6.1989,,,1,fallback_demo
"{'id': 'IT.NET.USER.ZS', 'value': 'Individuals using the Internet (% of population)'}","{'id': 'MX', 'value': 'Mexico'}",MEX,1984,6.9928,,,1,fallback_demo
"{'id': 'IT.NET.USER.ZS', 'value': 'Individuals using the Internet (% of population)'}","{'id': 'MX', 'value': 'Mexico'}",MEX,1985,7.8711,,,1,fallback_demo
"{'id': 'IT.NET.USER.ZS', 'value': 'Individuals using the Internet (% of population)'}","{'id': 'MX', 'value': 'Mexico'}",MEX,1986,8.8405,,,1,fallback_demo
"{'id': 'IT.NET.USER.ZS', 'value': 'Individuals using the Internet (% of population)'}","{'id': 'MX', 'value': 'Mexico'}",MEX,1987,9.9081,,,1,fallback_demo
"{'id': 'IT.NET.USER.ZS', 'value': 'Individuals using the Internet (% of population)'}","{'id': 'MX', 'value': 'Mexico'}",MEX,1988,11.0809,,,1,fallback_demo
"{'id': 'IT.NET.USER.ZS', 'value': 'Individuals using the Internet (% of population)'}","{'id': 'MX', 'value': 'Mexico'}",MEX,1989,12.3656,,,1,fallback_demo
"{'id': 'IT.NET.USER.ZS', 'value': 'Individuals using the Internet (% of population)'}","{'id': 'MX', 'value': 'Mexico'}",MEX,1990,13.7687,,,1,fallback_demo
"{'id': 'IT.NET.USER.ZS', 'value': 'Individuals using the Internet (% of population)'}","{'id': 'MX', 'value': 'Mexico'}",MEX,1991,15.2958,,,1,fallback_demo
"{'id': 'IT.NET.USER.ZS', 'value': 'Individuals using the Internet (% of population)'}","{'id': 'MX', 'value': 'Mexico'}",MEX,1992,16.952,,,1,fallback_demo
"{'id': 'IT.NET.USER.ZS', 'value': 'Individuals using the Internet (% of population)'}","{'id': 'MX', 'value': 'Mexico'}",MEX,1993,18.741,,,1,fallback_demo
"{'id': 'IT.NET.USER.ZS', 'value': 'Individuals using the Internet (% of population)'}","{'id': 'MX', 'value': 'Mexico'}",MEX,1994,20.6654,,,1,fallback_demo
"{'id': 'IT.NET.USER.ZS', 'value': 'Individuals using the Internet (% of population)'}","{'id': 'MX', 'value': 'Mexico'}",MEX,1995,22.7259,,,1,fallback_demo
"{'id': 'IT.NET.USER.ZS', 'value': 'Individuals using the Internet (% of population)'}","{'id': 'MX', 'value': 'Mexico'}",MEX,1996,24.9213,,,1,fallback_demo
"{'id': 'IT.NET.USER.ZS', 'value': 'Individuals using the Internet (% of population)'}","{'id': 'MX', 'value': 'Mexico'}",MEX,1997,27.2483,,,1,fallback_demo
"{'id': 'IT.NET.USER.ZS', 'value': 'Individuals using the Internet (% of population)'}","{'id': 'MX', 'value': 'Mexico'}",MEX,1998,29.7011,,,1,fallback_demo
"{'id': 'IT.NET.USER.ZS', 'value': 'Individuals using the Internet (% of population)'}","{'id': 'MX', 'value': 'Mexico'}",MEX,1999,32.2716,,,1,fallback_demo
"{'id': 'IT.NET.USER.ZS', 'value': 'Individuals using the Internet (% of population)'}","{'id': 'MX', 'value': 'Mexico'}",MEX,2000,34.9488,,,1,fallback_demo
"{'id': 'IT.NET.USER.ZS', 'value': 'Individuals using the Internet (% of population)'}","{'id': 'MX', 'value': 'Mexico'}",MEX,2001,37.7197,,,1,fallback_demo
"{'id': 'IT.NET.USER.ZS', 'value': 'Individuals using the Internet (% of population)'}","{'id': 'MX', 'value': 'Mexico'}",MEX,2002,40.5686,,,1,fallback_demo
"{'id': 'IT.NET.USER.ZS', 'value': 'Individuals using the Internet (% of population)'}","{'id': 'MX', 'value': 'Mexico'}",MEX,2003,43.4779,,,1,fallback_demo
"{'id': 'IT.NET.USER.ZS', 'value': 'Individuals using the Internet (% of population)'}","{'id': 'MX', 'value': 'Mexico'}",MEX,2004,46.4285,,,1,fallback_demo
"{'id': 'IT.NET.USER.ZS', 'value': 'Individuals using the Internet (% of population)'}","{'id': 'MX', 'value': 'Mexico'}",MEX,2005,49.4,,,1,fallback_demo
"{'id': 'IT.NET.USER.ZS', 'value': 'Individuals using the Internet (% of population)'}","{'id': 'MX', 'value': 'Mexico'}",MEX,2006,52.3715,,,1,fallback_demo
"{'id': 'IT.NET.USER.ZS', 'value': 'Individuals using the Internet (% of population)'}","{'id': 'MX', 'value': 'Mexico'}",MEX,2007,55.3221,,,1,fallback_demo
"{'id': 'IT.NET.USER.ZS', 'value': 'Individuals using the Internet (% of population)'}","{'id': 'MX', 'value': 'Mexico'}",MEX,2008,58.2314,,,1,fallback_demo
"{'id': 'IT.NET.USER.ZS', 'value': 'Individuals using the Internet (% of population)'}","{'id': 'MX', 'value': 'Mexico'}",MEX,2009,61.0803,,,1,fallback_demo
"{'id': 'IT.NET.USER.ZS', 'value': 'Individuals using the Internet (% of population)'}","{'id': 'MX', 'value': 'Mexico'}",MEX,2010,63.8512,,,1,fallback_demo
"{'id': 'IT.NET.USER.ZS', 'value': 'Individuals using the Internet (% of population)'}","{'id': 'MX', 'value': 'Mexico'}",MEX,2011,66.5284,,,1,fallback_demo
"{'id': 'IT.NET.USER.ZS', 'value': 'Individuals using the Internet (% of population)'}","{'id': 'MX', 'value': 'Mexico'}",MEX,2012,69.0989,,,1,fallback_demo
"{'id': 'IT.NET.USER.ZS', 'value': 'Individuals using the Internet (% of population)'}","{'id': 'MX', 'value': 'Mexico'}",MEX,2013,71.5517,,,1,fallback_demo
"{'id': 'IT.NET.USER.ZS', 'value': 'Individuals using the Internet (% of population)'}","{'id': 'MX', 'value': 'Mexico'}",MEX,2014,73.8787,,,1,fallback_demo
"{'id': 'IT.NET.USER.ZS', 'value': 'Individuals using the Internet (% of population)'}","{'id': 'MX', 'value': 'Mexico'}",MEX,2015,76.0741,,,1,fallback_demo
"{'id': 'IT.NET.USER.ZS', 'value': 'Individuals using the Internet (% of population)'}","{'id': 'MX', 'value': 'Mexico'}",MEX,2016,78.1346,,,1,fallback_demo
"{'id': 'IT.NET.USER.ZS', 'value': 'Individuals using the Internet (% of population)'}","{'id': 'MX', 'value': 'Mexico'}",MEX,2017,80.059,,,1,fallback_demo
"{'id': 'IT.NET.USER.ZS', 'value': 'Individuals using the Internet (% of population)'}","{'id': 'MX', 'value': 'Mexico'}",MEX,2018,81.848,,,1,fallback_demo
"{'id': 'IT.NET.USER.ZS', 'value': 'Individuals using the Internet (% of population)'}","{'id': 'MX', 'value': 'Mexico'}",MEX,2019,83.5042,,,1,fallback_demo
"{'id': 'IT.NET.USER.ZS', 'value': 'Individuals using the Internet (% of population)'}","{'id': 'MX', 'value': 'Mexico'}",MEX,2020,85.0313,,,1,fallback_demo
"{'id': 'IT.NET.USER.ZS', 'value': 'Individuals using the Internet (% of population)'}","{'id': 'MX', 'value': 'Mexico'}",MEX,2021,86.4344,,,1,fallback_demo
"{'id': 'IT.NET.USER.ZS', 'value': 'Individuals using the Internet (% of population)'}","{'id': 'MX', 'value': 'Mexico'}",MEX,2022,87.7191,,,1,fallback_demo
"{'id': 'IT.NET.USER.ZS', 'value': 'Individuals using the Internet (% of population)'}","{'id': 'MX', 'value': 'Mexico'}",MEX,2023,88.8919,,,1,fallback_demo
"{'id': 'IT.NET.USER.ZS', 'value': 'Individuals using the Internet (% of population)'}","{'id': 'MX', 'value': 'Mexico'}",MEX,2024,89.9595,,,1,fallback_demo
"{'id': 'IT.NET.USER.ZS', 'value': 'Individuals using the Internet (% of population)'}","{'id': 'NG', 'value': 'Nigeria'}",NGA,1960,,,,1,fallback_demo
"{'id': 'IT.NET.USER.ZS', 'value': 'Individuals using the Internet (% of population)'}","{'id': 'NG', 'value': 'Nigeria'}",NGA,1961,,,,1,fallback_demo
"{'id': 'IT.NET.USER.ZS', 'value': 'Individuals using the Internet (% of population)'}","{'id': 'NG', 'value': 'Nigeria'}",NGA,1962,,,,1,fallback_demo
"{'id': 'IT.NET.USER.ZS', 'value': 'Individuals using the Internet (% of population)'}","{'id': 'NG', 'value': 'Nigeria'}",NGA,1963,,,,1,fallback_demo
"{'id': 'IT.NET.USER.ZS', 'value': 'Individuals using the Internet (% of population)'}","{'id': 'NG', 'value': 'Nigeria'}",NGA,1964,,,,1,fallback_demo
"{'id': 'IT.NET.USER.ZS', 'value': 'Individuals using the Internet (% of population)'}","{'id': 'NG', 'value': 'Nigeria'}",NGA,1965,,,,1,fallback_demo
"{'id': 'IT.NET.USER.ZS', 'value': 'Individuals using the Internet (% of population)'}","{'id': 'NG', 'value': 'Nigeria'}",NGA,1966,,,,1,fallback_demo
"{'id': 'IT.NET.USER.ZS', 'value': 'Individuals using the Internet (% of population)'}","{'id': 'NG', 'value': 'Nigeria'}",NGA,1967,,,,1,fallback_demo
"{'id': 'IT.NET.USER.ZS', 'value': 'Individuals using the Internet (% of population)'}","{'id': 'NG', 'value': 'Nigeria'}",NGA,1968,,,,1,fallback_demo
"{'id': 'IT.NET.USER.ZS', 'value': 'Individuals using the Internet (% of population)'}","{'id': 'NG', 'value': 'Nigeria'}",NGA,1969,,,,1,fallback_demo
"{'id': 'IT.NET.USER.ZS', 'value': 'Individuals using the Internet (% of population)'}","{'id': 'NG', 'value': 'Nigeria'}",NGA,1970,,,,1,fallback_demo
"{'id': 'IT.NET.USER.ZS', 'value': 'Individuals using the Internet (% of population)'}","{'id': 'NG', 'value': 'Nigeria'}",NGA,1971,,,,1,fallback_demo
"{'id': 'IT.NET.USER.ZS', 'value': 'Individuals using the Internet (% of population)'}","{'id': 'NG', 'value': 'Nigeria'}",NGA,1972,,,,1,fallback_demo
"{'id': 'IT.NET.USER.ZS', 'value': 'Individuals using the Internet (% of population)'}","{'id': 'NG', 'value': 'Nigeria'}",NGA,1973,,,,1,fallback_demo
"{'id': 'IT.NET.USER.ZS', 'value': 'Individuals using the Internet (% of population)'}","{'id': 'NG', 'value': 'Nigeria'}",NGA,1974,,,,1,fallback_demo
"{'id': 'IT.NET.USER.ZS', 'value': 'Individuals using the Internet (% of population)'}","{'id': 'NG', 'value': 'Nigeria'}",NGA,1975,,,,1,fallback_demo
"{'id': 'IT.NET.USER.ZS', 'value': 'Individuals using the Internet (% of population)'}","{'id': 'NG', 'value': 'Nigeria'}",NGA,1976,,,,1,fallback_demo
"{'id': 'IT.NET.USER.ZS', 'value': 'Individuals using the Internet (% of population)'}","{'id': 'NG', 'value': 'Nigeria'}",NGA,1977,,,,1,fallback_demo
"{'id': 'IT.NET.USER.ZS', 'value': 'Individuals using the Internet (% of population)'}","{'id': 'NG', 'value': 'Nigeria'}",NGA,1978,,,,1,fallback_demo
"{'id': 'IT.NET.USER.ZS', 'value': 'Individuals using the Internet (% of population)'}","{'id': 'NG', 'value': 'Nigeria'}",NGA,1979,,,,1,fallback_demo
"{'id': 'IT.NET.USER.ZS', 'value': 'Individuals using the Internet (% of population)'}","{'id': 'NG', 'value': 'Nigeria'}",NGA,1980,2.2503,,,1,fallback_demo
"{'id': 'IT.NET.USER.ZS', 'value': 'Individuals using the Internet (% of population)'}","{'id': 'NG', 'value': 'Nigeria'}",NGA,1981,2.7117,,,1,fallback_demo
"{'id': 'IT.NET.USER.ZS', 'value': 'Individuals using the Internet (% of population)'}","{'id': 'NG', 'value': 'Nigeria'}",NGA,1982,3.2304,,,1,fallback_demo
"{'id': 'IT.NET.USER.ZS', 'value': 'Individuals using the Internet (% of population)'}","{'id': 'NG', 'value': 'Nigeria'}",NGA,1983,3.8125,,,1,fallback_demo
"{'id': 'IT.NET.USER.ZS', 'value': 'Individuals using the Internet (% of population)'}","{'id': 'NG', 'value': 'Nigeria'}",NGA,1984,4.4649,,,1,fallback_demo
"{'id': 'IT.NET.USER.ZS', 'value': 'Individuals using the Internet (% of population)'}","{'id': 'NG', 'value': 'Nigeria'}",NGA,1985,5.1949,,,1,fallback_demo
"{'id': 'IT.NET.USER.ZS', 'value': 'Individuals using the Internet (% of population)'}","{'id': 'NG', 'value': 'Nigeria'}",NGA,1986,6.0101,,,1,fallback_demo
"{'id': 'IT.NET.USER.ZS', 'value': 'Individuals using the Internet (% of population)'}","{'id': 'NG', 'value': 'Nigeria'}",NGA,1987,6.9187,,,1,fallback_demo
"{'id': 'IT.NET.USER.ZS', 'value': 'Individuals using the Internet (% of population)'}","{'id': 'NG', 'value': 'Nigeria'}",NGA,1988,7.9289,,,1,fallback_demo
"{'id': 'IT.NET.USER.ZS', 'value': 'Individuals using the Internet (% of population)'}","{'id': 'NG', 'value': 'Nigeria'}",NGA,1989,9.0493,,,1,fallback_demo
"{'id': 'IT.NET.USER.ZS', 'value': 'Individuals using the Internet (% of population)'}","{'id': 'NG', 'value': 'Nigeria'}",NGA,1990,10.2884,,,1,fallback_demo
"{'id': 'IT.NET.USER.ZS', 'value': 'Individuals using the Internet (% of population)'}","{'id': 'NG', 'value': 'Nigeria'}",NGA,1991,11.6544,,,1,fallback_demo
"{'id': 'IT.NET.USER.ZS', 'value': 'Individuals using the Internet (% of population)'}","{'id': 'NG', 'value': 'Nigeria'}",NGA,1992,13.155,,,1,fallback_demo
"{'id': 'IT.NET.USER.ZS', 'value': 'Individuals using the Internet (% of population)'}","{'id': 'NG', 'value': 'Nigeria'}",NGA,1993,14.7974,,,1,fallback_demo
"{'id': 'IT.NET.USER.ZS', 'value': 'Individuals using the Internet (% of population)'}","{'id': 'NG', 'value': 'Nigeria'}",NGA,1994,16.5873,,,1,fallback_demo
"{'id': 'IT.NET.USER.ZS', 'value': 'Individuals using the Internet (% of population)'}","{'id': 'NG', 'value': 'Nigeria'}",NGA,1995,18.5293,,,1,fallback_demo
"{'id': 'IT.NET.USER.ZS', 'value': 'Individuals using the Internet (% of population)'}","{'id': 'NG', 'value': 'Nigeria'}",NGA,1996,20.6257,,,1,fallback_demo
"{'id': 'IT.NET.USER.ZS', 'value': 'Individuals using the Internet (% of population)'}","{'id': 'NG', 'value': 'Nigeria'}",NGA,1997,22.877,,,1,fallback_demo
"{'id': 'IT.NET.USER.ZS', 'value': 'Individuals using the Internet (% of population)'}","{'id': 'NG', 'value': 'Nigeria'}",NGA,1998,25.2807,,,1,fallback_demo
"{'id': 'IT.NET.USER.ZS', 'value': 'Individuals using the Internet (% of population)'}","{'id': 'NG', 'value': 'Nigeria'}",NGA,1999,27.8316,,,1,fallback_demo
"{'id': 'IT.NET.USER.ZS', 'value': 'Individuals using the Internet (% of population)'}","{'id': 'NG', 'value': 'Nigeria'}",NGA,2000,30.5212,,,1,fallback_demo
"{'id': 'IT.NET.USER.ZS', 'value': 'Individuals using the Internet (% of population)'}","{'id': 'NG', 'value': 'Nigeria'}",NGA,2001,33.3378,,,1,fallback_demo
"{'id': 'IT.NET.USER.ZS', 'value': 'Individuals using the Internet (% of population)'}","{'id': 'NG', 'value': 'Nigeria'}",NGA,2002,36.2662,,,1,fallback_demo
"{'id': 'IT.NET.USER.ZS', 'value': 'Individuals using the Internet (% of population)'}","{'id': 'NG', 'value': 'Nigeria'}",NGA,2003,39.2886,,,1,fallback_demo
"{'id': 'IT.NET.USER.ZS', 'value': 'Individuals using the Internet (% of population)'}","{'id': 'NG', 'value': 'Nigeria'}",NGA,2004,42.3839,,,1,fallback_demo
"{'id': 'IT.NET.USER.ZS', 'value': 'Individuals using the Internet (% of population)'}","{'id': 'NG', 'value': 'Nigeria'}",NGA,2005,45.5293,,,1,fallback_demo
"{'id': 'IT.NET.USER.ZS', 'value': 'Individuals using the Internet (% of population)'}","{'id': 'NG', 'value': 'Nigeria'}",NGA,2006,48.7,,,1,fallback_demo
"{'id': 'IT.NET.USER.ZS', 'value': 'Individuals using the Internet (% of population)'}","{'id': 'NG', 'value': 'Nigeria'}",NGA,2007,51.8707,,,1,fallback_demo
"{'id': 'IT.NET.USER.ZS', 'value': 'Individuals using the Internet (% of population)'}","{'id': 'NG', 'value': 'Nigeria'}",NGA,2008,55.0161,,,1,fallback_demo
"{'id': 'IT.NET.USER.ZS', 'value': 'Individuals using the Internet (% of population)'}","{'id': 'NG', 'value': 'Nigeria'}",NGA,2009,58.1114,,,1,fallback_demo
"{'id': 'IT.NET.USER.ZS', 'value': 'Individuals using the Internet (% of population)'}","{'id': 'NG', 'value': 'Nigeria'}",NGA,2010,61.1338,,,1,fallback_demo
"{'id': 'IT.NET.USER.ZS', 'value': 'Individuals using the Internet (% of population)'}","{'id': 'NG', 'value': 'Nigeria'}",NGA,2011,64.0622,,,1,fallback_demo
"{'id': 'IT.NET.USER.ZS', 'value': 'Individuals using the Internet (% of population)'}","{'id': 'NG', 'value': 'Nigeria'}",NGA,2012,66.8788,,,1,fallback_demo
"{'id': 'IT.NET.USER.ZS', 'value': 'Individuals using the Internet (% of population)'}","{'id': 'NG', 'value': 'Nigeria'}",NGA,2013,69.5684,,,1,fallback_demo
"{'id': 'IT.NET.USER.ZS', 'value': 'Individuals using the Internet (% of population)'}","{'id': 'NG', 'value': 'Nigeria'}",NGA,2014,72.1193,,,1,fallback_demo
"{'id': 'IT.NET.USER.ZS', 'value': 'Individuals using the Internet (% of population)'}","{'id': 'NG', 'value': 'Nigeria'}",NGA,2015,74.523,,,1,fallback_demo
"{'id': 'IT.NET.USER.ZS', 'value': 'Individuals using the Internet (% of population)'}","{'id': 'NG', 'value': 'Nigeria'}",NGA,2016,76.7743,,,1,fallback_demo
"{'id': 'IT.NET.USER.ZS', 'value': 'Individuals using the Internet (% of population)'}","{'id': 'NG', 'value': 'Nigeria'}",NGA,2017,78.8707,,,1,fallback_demo
"{'id': 'IT.NET.USER.ZS', 'value': 'Individuals using the Internet (% of population)'}","{'id': 'NG', 'value': 'Nigeria'}",NGA,2018,80.8127,,,1,fallback_demo
"{'id': 'IT.NET.USER.ZS', 'value': 'Individuals using the Internet (% of population)'}","{'id': 'NG', 'value': 'Nigeria'}",NGA,2019,82.6026,,,1,fallback_demo
"{'id': 'IT.NET.USER.ZS', 'value': 'Individuals using the Internet (% of population)'}","{'id': 'NG', 'value': 'Nigeria'}",NGA,2020,84.245,,,1,fallback_demo
"{'id': 'IT.NET.USER.ZS', 'value': 'Individuals using the Internet (% of population)'}","{'id': 'NG', 'value': 'Nigeria'}",NGA,2021,85.7456,,,1,fallback_demo
"{'id': 'IT.NET.USER.ZS', 'value': 'Individuals using the Internet (% of population)'}","{'id': 'NG', 'value': 'Nigeria'}",NGA,2022,87.1116,,,1,fallback_demo
"{'id': 'IT.NET.USER.ZS', 'value': 'Individuals using the Internet (% of population)'}","{'id': 'NG', 'value': 'Nigeria'}",NGA,2023,88.3507,,,1,fallback_demo
"{'id': 'IT.NET.USER.ZS', 'value': 'Individuals using the Internet (% of population)'}","{'id': 'NG', 'value': 'Nigeria'}",NGA,2024,89.4711,,,1,fallback_demo
"{'id': 'IT.NET.USER.ZS', 'value': 'Individuals using the Internet (% of population)'}","{'id': 'EG', 'value': 'Egypt, Arab Rep.'}",EGY,1960,,,,1,fallback_demo
"{'id': 'IT.NET.USER.ZS', 'value': 'Individuals using the Internet (% of population)'}","{'id': 'EG', 'value': 'Egypt, Arab Rep.'}",EGY,1961,,,,1,fallback_demo
"{'id': 'IT.NET.USER.ZS', 'value': 'Individuals using the Internet (% of population)'}","{'id': 'EG', 'value': 'Egypt, Arab Rep.'}",EGY,1962,,,,1,fallback_demo
"{'id': 'IT.NET.USER.ZS', 'value': 'Individuals using the Internet (% of population)'}","{'id': 'EG', 'value': 'Egypt, Arab Rep.'}",EGY,1963,,,,1,fallback_demo
"{'id': 'IT.NET.USER.ZS', 'value': 'Individuals using the Internet (% of population)'}","{'id': 'EG', 'value': 'Egypt, Arab Rep.'}",EGY,1964,,,,1,fallback_demo
"{'id': 'IT.NET.USER.ZS', 'value': 'Individuals using the Internet (% of population)'}","{'id': 'EG', 'value': 'Egypt, Arab Rep.'}",EGY,1965,,,,1,fallback_demo
"{'id': 'IT.NET.USER.ZS', 'value': 'Individuals using the Internet (% of population)'}","{'id': 'EG', 'value': 'Egypt, Arab Rep.'}",EGY,1966,,,,1,fallback_demo
"{'id': 'IT.NET.USER.ZS', 'value': 'Individuals using the Internet (% of population)'}","{'id': 'EG', 'value': 'Egypt, Arab Rep.'}",EGY,1967,,,,1,fallback_demo
"{'id': 'IT.NET.USER.ZS', 'value': 'Individuals using the Internet (% of population)'}","{'id': 'EG', 'value': 'Egypt, Arab Rep.'}",EGY,1968,,,,1,fallback_demo
"{'id': 'IT.NET.USER.ZS', 'value': 'Individuals using the Internet (% of population)'}","{'id': 'EG', 'value': 'Egypt, Arab Rep.'}",EGY,1969,,,,1,fallback_demo
"{'id': 'IT.NET.USER.ZS', 'value': 'Individuals using the Internet (% of population)'}","{'id': 'EG', 'value': 'Egypt, Arab Rep.'}",EGY,1970,,,,1,fallback_demo
"{'id': 'IT.NET.USER.ZS', 'value': 'Individuals using the Internet (% of population)'}","{'id': 'EG', 'value': 'Egypt, Arab Rep.'}",EGY,1971,,,,1,fallback_demo
"{'id': 'IT.NET.USER.ZS', 'value': 'Individuals using the Internet (% of population)'}","{'id': 'EG', 'value': 'Egypt, Arab Rep.'}",EGY,1972,,,,1,fallback_demo
"{'id': 'IT.NET.USER.ZS', 'value': 'Individuals using the Internet (% of population)'}","{'id': 'EG', 'value': 'Egypt, Arab Rep.'}",EGY,1973,,,,1,fallback_demo
"{'id': 'IT.NET.USER.ZS', 'value': 'Individuals using the Internet (% of population)'}","{'id': 'EG', 'value': 'Egypt, Arab Rep.'}",EGY,1974,,,,1,fallback_demo
"{'id': 'IT.NET.USER.ZS', 'value': 'Individuals using the Internet (% of population)'}","{'id': 'EG', 'value': 'Egypt, Arab Rep.'}",EGY,1975,,,,1,fallback_demo
"{'id': 'IT.NET.USER.ZS', 'value': 'Individuals using the Internet (% of population)'}","{'id': 'EG', 'value': 'Egypt, Arab Rep.'}",EGY,1976,,,,1,fallback_demo
"{'id': 'IT.NET.USER.ZS', 'value': 'Individuals using the Internet (% of population)'}","{'id': 'EG', 'value': 'Egypt, Arab Rep.'}",EGY,1977,,,,1,fallback_demo
"{'id': 'IT.NET.USER.ZS', 'value': 'Individuals using the Internet (% of population)'}","{'id': 'EG', 'value': 'Egypt, Arab Rep.'}",EGY,1978,,,,1,fallback_demo
"{'id': 'IT.NET.USER.ZS', 'value': 'Individuals using the Internet (% of population)'}","{'id': 'EG', 'value': 'Egypt, Arab Rep.'}",EGY,1979,,,,1,fallback_demo
"{'id': 'IT.NET.USER.ZS', 'value': 'Individuals using the Internet (% of population)'}","{'id': 'EG', 'value': 'Egypt, Arab Rep.'}",EGY,1980,0.0,,,1,fallback_demo
"{'id': 'IT.NET.USER.ZS', 'value': 'Individuals using the Internet (% of population)'}","{'id': 'EG', 'value': 'Egypt, Arab Rep.'}",EGY,1981,0.0,,,1,fallback_demo
"{'id': 'IT.NET.USER.ZS', 'value': 'Individuals using the Internet (% of population)'}","{'id': 'EG', 'value': 'Egypt, Arab Rep.'}",EGY,1982,0.0,,,1,fallback_demo
"{'id': 'IT.NET.USER.ZS', 'value': 'Individuals using the Internet (% of population)'}","{'id': 'EG', 'value': 'Egypt, Arab Rep.'}",EGY,1983,0.4793,,,1,fallback_demo
"{'id': 'IT.NET.USER.ZS', 'value': 'Individuals using the Internet (% of population)'}","{'id': 'EG', 'value': 'Egypt, Arab Rep.'}",EGY,1984,1.3106,,,1,fallback_demo
"{'id': 'IT.NET.USER.ZS', 'value': 'Individuals using the Internet (% of population)'}","{'id': 'EG', 'value': 'Egypt, Arab Rep.'}",EGY,1985,2.2073,,,1,fallback_demo
"{'id': 'IT.NET.USER.ZS', 'value': 'Individuals using the Internet (% of population)'}","{'id': 'EG', 'value': 'Egypt, Arab Rep.'}",EGY,1986,3.1729,,,1,fallback_demo
"{'id': 'IT.NET.USER.ZS', 'value': 'Individuals using the Internet (% of population)'}","{'id': 'EG', 'value': 'Egypt, Arab Rep.'}",EGY,1987,4.2108,,,1,fallback_demo
"{'id': 'IT.NET.USER.ZS', 'value': 'Individuals using the Internet (% of population)'}","{'id': 'EG', 'value': 'Egypt, Arab Rep.'}",EGY,1988,5.3244,,,1,fallback_demo
"{'id': 'IT.NET.USER.ZS', 'value': 'Individuals using the Internet (% of population)'}","{'id': 'EG', 'value': 'Egypt, Arab Rep.'}",EGY,1989,6.5164,,,1,fallback_demo
"{'id': 'IT.NET.USER.ZS', 'value': 'Individuals using the Internet (% of population)'}","{'id': 'EG', 'value': 'Egypt, Arab Rep.'}",EGY,1990,7.7896,,,1,fallback_demo
"{'id': 'IT.NET.USER.ZS', 'value': 'Individuals using the Internet (% of population)'}","{'id': 'EG', 'value': 'Egypt, Arab Rep.'}",EGY,1991,9.1462,,,1,fallback_demo
"{'id': 'IT.NET.USER.ZS', 'value': 'Individuals using the Internet (% of population)'}","{'id': 'EG', 'value': 'Egypt, Arab Rep.'}",EGY,1992,10.5879,,,1,fallback_demo
"{'id': 'IT.NET.USER.ZS', 'value': 'Individuals using the Internet (% of population)'}","{'id': 'EG', 'value': 'Egypt, Arab Rep.'}",EGY,1993,12.1159,,,1,fallback_demo
"{'id': 'IT.NET.USER.ZS', 'value': 'Individuals using the Internet (% of population)'}","{'id': 'EG', 'value': 'Egypt, Arab Rep.'}",EGY,1994,13.7308,,,1,fallback_demo
"{'id': 'IT.NET.USER.ZS', 'value': 'Individuals using the Internet (% of population)'}","{'id': 'EG', 'value': 'Egypt, Arab Rep.'}",EGY,1995,15.432,,,1,fallback_demo
"{'id': 'IT.NET.USER.ZS', 'value': 'Individuals using the Internet (% of population)'}","{'id': 'EG', 'value': 'Egypt, Arab Rep.'}",EGY,1996,17.2186,,,1,fallback_demo
"{'id': 'IT.NET.USER.ZS', 'value': 'Individuals using the Internet (% of population)'}","{'id': 'EG', 'value': 'Egypt, Arab Rep.'}",EGY,1997,19.0885,,,1,fallback_demo
"{'id': 'IT.NET.USER.ZS', 'value': 'Individuals using the Internet (% of population)'}","{'id': 'EG', 'value': 'Egypt, Arab Rep.'}",EGY,1998,21.0385,,,1,fallback_demo
"{'id': 'IT.NET.USER.ZS', 'value': 'Individuals using the Internet (% of population)'}","{'id': 'EG', 'value': 'Egypt, Arab Rep.'}",EGY,1999,23.0646,,,1,fallback_demo
"{'id': 'IT.NET.USER.ZS', 'value': 'Individuals using the Internet (% of population)'}","{'id': 'EG', 'value': 'Egypt, Arab Rep.'}",EGY,2000,25.1617,,,1,fallback_demo
"{'id': 'IT.NET.USER.ZS', 'value': 'Individuals using the Internet (% of population)'}","{'id': 'EG', 'value': 'Egypt, Arab Rep.'}",EGY,2001,27.3237,,,1,fallback_demo
"{'id': 'IT.NET.USER.ZS', 'value': 'Individuals using the Internet (% of population)'}","{'id': 'EG', 'value': 'Egypt, Arab Rep.'}",EGY,2002,29.5433,,,1,fallback_demo
"{'id': 'IT.NET.USER.ZS', 'value': 'Individuals using the Internet (% of population)'}","{'id': 'EG', 'value': 'Egypt, Arab Rep.'}",EGY,2003,31.8127,,,1,fallback_demo
"{'id': 'IT.NET.USER.ZS', 'value': 'Individuals using the Internet (% of population)'}","{'id': 'EG', 'value': 'Egypt, Arab Rep.'}",EGY,2004,34.1228,,,1,fallback_demo
"{'id': 'IT.NET.USER.ZS', 'value': 'Individuals using the Internet (% of population)'}","{'id': 'EG', 'value': 'Egypt, Arab Rep.'}",EGY,2005,36.4642,,,1,fallback_demo
"{'id': 'IT.NET.USER.ZS', 'value': 'Individuals using the Internet (% of population)'}","{'id': 'EG', 'value': 'Egypt, Arab Rep.'}",EGY,2006,38.8268,,,1,fallback_demo
"{'id': 'IT.NET.USER.ZS', 'value': 'Individuals using the Internet (% of population)'}","{'id': 'EG', 'value': 'Egypt, Arab Rep.'}",EGY,2007,41.2,,,1,fallback_demo
"{'id': 'IT.NET.USER.ZS', 'value': 'Individuals using the Internet (% of population)'}","{'id': 'EG', 'value': 'Egypt, Arab Rep.'}",EGY,2008,43.5732,,,1,fallback_demo
"{'id': 'IT.NET.USER.ZS', 'value': 'Individuals using the Internet (% of population)'}","{'id': 'EG', 'value': 'Egypt, Arab Rep.'}",EGY,2009,45.9358,,,1,fallback_demo
"{'id': 'IT.NET.USER.ZS', 'value': 'Individuals using the Internet (% of population)'}","{'id': 'EG', 'value': 'Egypt, Arab Rep.'}",EGY,2010,48.2772,,,1,fallback_demo
"{'id': 'IT.NET.USER.ZS', 'value': 'Individuals using the Internet (% of population)'}","{'id': 'EG', 'value': 'Egypt, Arab Rep.'}",EGY,2011,50.5873,,,1,fallback_demo
"{'id': 'IT.NET.USER.ZS', 'value': 'Individuals using the Internet (% of population)'}","{'id': 'EG', 'value': 'Egypt, Arab Rep.'}",EGY,2012,52.8567,,,1,fallback_demo
"{'id': 'IT.NET.USER.ZS', 'value': 'Individuals using the Internet (% of population)'}","{'id': 'EG', 'value': 'Egypt, Arab Rep.'}",EGY,2013,55.0763,,,1,fallback_demo
"{'id': 'IT.NET.USER.ZS', 'value': 'Individuals using the Internet (% of population)'}","{'id': 'EG', 'value': 'Egypt, Arab Rep.'}",EGY,2014,57.2383,,,1,fallback_demo
"{'id': 'IT.NET.USER.ZS', 'value': 'Individuals using the Internet (% of population)'}","{'id': 'EG', 'value': 'Egypt, Arab Rep.'}",EGY,2015,59.3354,,,1,fallback_demo
"{'id': 'IT.NET.USER.ZS', 'value': 'Individuals using the Internet (% of population)'}","{'id': 'EG', 'value': 'Egypt, Arab Rep.'}",EGY,2016,61.3615,,,1,fallback_demo
"{'id': 'IT.NET.USER.ZS', 'value': 'Individuals using the Internet (% of population)'}","{'id': 'EG', 'value': 'Egypt, Arab Rep.'}",EGY,2017,63.3115,,,1,fallback_demo
"{'id': 'IT.NET.USER.ZS', 'value': 'Individuals using the Internet (% of population)'}","{'id': 'EG', 'value': 'Egypt, Arab Rep.'}",EGY,2018,65.1814,,,1,fallback_demo
"{'id': 'IT.NET.USER.ZS', 'value': 'Individuals using the Internet (% of population)'}","{'id': 'EG', 'value': 'Egypt, Arab Rep.'}",EGY,2019,66.968,,,1,fallback_demo
"{'id': 'IT.NET.USER.ZS', 'value': 'Individuals using the Internet (% of population)'}","{'id': 'EG', 'value': 'Egypt, Arab Rep.'}",EGY,2020,68.6692,,,1,fallback_demo
"{'id': 'IT.NET.USER.ZS', 'value': 'Individuals using the Internet (% of population)'}","{'id': 'EG', 'value': 'Egypt, Arab Rep.'}",EGY,2021,70.2841,,,1,fallback_demo
"{'id': 'IT.NET.USER.ZS', 'value': 'Individuals using the Internet (% of population)'}","{'id': 'EG', 'value': 'Egypt, Arab Rep.'}",EGY,2022,71.8121,,,1,fallback_demo
"{'id': 'IT.NET.USER.ZS', 'value': 'Individuals using the Internet (% of population)'}","{'id': 'EG', 'value': 'Egypt, Arab Rep.'}",EGY,2023,73.2538,,,1,fallback_demo
"{'id': 'IT.NET.USER.ZS', 'value': 'Individuals using the Internet (% of population)'}","{'id': 'EG', 'value': 'Egypt, Arab Rep.'}",EGY,2024,74.6104,,,1,fallback_demo
"{'id': 'IT.NET.USER.ZS', 'value': 'Individuals using the Internet (% of population)'}","{'id': 'SA', 'value': 'Saudi Arabia'}",SAU,1960,,,,1,fallback_demo
"{'id': 'IT.NET.USER.ZS', 'value': 'Individuals using the Internet (% of population)'}","{'id': 'SA', 'value': 'Saudi Arabia'}",SAU,1961,,,,1,fallback_demo
"{'id': 'IT.NET.USER.ZS', 'value': 'Individuals using the Internet (% of population)'}","{'id': 'SA', 'value': 'Saudi Arabia'}",SAU,1962,,,,1,fallback_demo
"{'id': 'IT.NET.USER.ZS', 'value': 'Individuals using the Internet (% of population)'}","{'id': 'SA', 'value': 'Saudi Arabia'}",SAU,1963,,,,1,fallback_demo
"{'id': 'IT.NET.USER.ZS', 'value': 'Individuals using the Internet (% of population)'}","{'id': 'SA', 'value': 'Saudi Arabia'}",SAU,1964,,,,1,fallback_demo
"{'id': 'IT.NET.USER.ZS', 'value': 'Individuals using the Internet (% of population)'}","{'id': 'SA', 'value': 'Saudi Arabia'}",SAU,1965,,,,1,fallback_demo
"{'id': 'IT.NET.USER.ZS', 'value': 'Individuals using the Internet (% of population)'}","{'id': 'SA', 'value': 'Saudi Arabia'}",SAU,1966,,,,1,fallback_demo
"{'id': 'IT.NET.USER.ZS', 'value': 'Individuals using the Internet (% of population)'}","{'id': 'SA', 'value': 'Saudi Arabia'}",SAU,1967,,,,1,fallback_demo
"{'id': 'IT.NET.USER.ZS', 'value': 'Individuals using the Internet (% of population)'}","{'id': 'SA', 'value': 'Saudi Arabia'}",SAU,1968,,,,1,fallback_demo
"{'id': 'IT.NET.USER.ZS', 'value': 'Individuals using the Internet (% of population)'}","{'id': 'SA', 'value': 'Saudi Arabia'}",SAU,1969,,,,1,fallback_demo
"{'id': 'IT.NET.USER.ZS', 'value': 'Individuals using the Internet (% of population)'}","{'id': 'SA', 'value': 'Saudi Arabia'}",SAU,1970,,,,1,fallback_demo
"{'id': 'IT.NET.USER.ZS', 'value': 'Individuals using the Internet (% of population)'}","{'id': 'SA', 'value': 'Saudi Arabia'}",SAU,1971,,,,1,fallback_demo
"{'id': 'IT.NET.USER.ZS', 'value': 'Individuals using the Internet (% of population)'}","{'id': 'SA', 'value': 'Saudi Arabia'}",SAU,1972,,,,1,fallback_demo
"{'id': 'IT.NET.USER.ZS', 'value': 'Individuals using the Internet (% of population)'}","{'id': 'SA', 'value': 'Saudi Arabia'}",SAU,1973,,,,1,fallback_demo
"{'id': 'IT.NET.USER.ZS', 'value': 'Individuals using the Internet (% of population)'}","{'id': 'SA', 'value': 'Saudi Arabia'}",SAU,1974,,,,1,fallback_demo
"{'id': 'IT.NET.USER.ZS', 'value': 'Individuals using the Internet (% of population)'}","{'id': 'SA', 'value': 'Saudi Arabia'}",SAU,1975,,,,1,fallback_demo
"{'id': 'IT.NET.USER.ZS', 'value': 'Individuals using the Internet (% of population)'}","{'id': 'SA', 'value': 'Saudi Arabia'}",SAU,1976,,,,1,fallback_demo
"{'id': 'IT.NET.USER.ZS', 'value': 'Individuals using the Internet (% of population)'}","{'id': 'SA', 'value': 'Saudi Arabia'}",SAU,1977,,,,1,fallback_demo
"{'id': 'IT.NET.USER.ZS', 'value': 'Individuals using the Internet (% of population)'}","{'id': 'SA', 'value': 'Saudi Arabia'}",SAU,1978,,,,1,fallback_demo
"{'id': 'IT.NET.USER.ZS', 'value': 'Individuals using the Internet (% of population)'}","{'id': 'SA', 'value': 'Saudi Arabia'}",SAU,1979,,,,1,fallback_demo
"{'id': 'IT.NET.USER.ZS', 'value': 'Individuals using the Internet (% of population)'}","{'id': 'SA', 'value': 'Saudi Arabia'}",SAU,1980,0.8123,,,1,fallback_demo
"{'id': 'IT.NET.USER.ZS', 'value': 'Individuals using the Internet (% of population)'}","{'id': 'SA', 'value': 'Saudi Arabia'}",SAU,1981,1.8046,,,1,fallback_demo
"{'id': 'IT.NET.USER.ZS', 'value': 'Individuals using the Internet (% of population)'}","{'id': 'SA', 'value': 'Saudi Arabia'}",SAU,1982,2.8792,,,1,fallback_demo
"{'id': 'IT.NET.USER.ZS', 'value': 'Individuals using the Internet (% of population)'}","{'id': 'SA', 'value': 'Saudi Arabia'}",SAU,1983,4.0404,,,1,fallback_demo
"{'id': 'IT.NET.USER.ZS', 'value': 'Individuals using the Internet (% of population)'}","{'id': 'SA', 'value': 'Saudi Arabia'}",SAU,1984,5.2921,,,1,fallback_demo
"{'id': 'IT.NET.USER.ZS', 'value': 'Individuals using the Internet (% of population)'}","{'id': 'SA', 'value': 'Saudi Arabia'}",SAU,1985,6.6379,,,1,fallback_demo
"{'id': 'IT.NET.USER.ZS', 'value': 'Individuals using the Internet (% of population)'}","{'id': 'SA', 'value': 'Saudi Arabia'}",SAU,1986,8.081,,,1,fallback_demo
"{'id': 'IT.NET.USER.ZS', 'value': 'Individuals using the Internet (% of population)'}","{'id': 'SA', 'value': 'Saudi Arabia'}",SAU,1987,9.6236,,,1,fallback_demo
"{'id': 'IT.NET.USER.ZS', 'value': 'Individuals using the Internet (% of population)'}","{'id': 'SA', 'value': 'Saudi Arabia'}",SAU,1988,11.2675,,,1,fallback_demo
"{'id': 'IT.NET.USER.ZS', 'value': 'Individuals using the Internet (% of population)'}","{'id': 'SA', 'value': 'Saudi Arabia'}",SAU,1989,13.0133,,,1,fallback_demo
"{'id': 'IT.NET.USER.ZS', 'value': 'Individuals using the Internet (% of population)'}","{'id': 'SA', 'value': 'Saudi Arabia'}",SAU,1990,14.8608,,,1,fallback_demo
"{'id': 'IT.NET.USER.ZS', 'value': 'Individuals using the Internet (% of population)'}","{'id': 'SA', 'value': 'Saudi Arabia'}",SAU,1991,16.8084,,,1,fallback_demo
"{'id': 'IT.NET.USER.ZS', 'value': 'Individuals using the Internet (% of population)'}","{'id': 'SA', 'value': 'Saudi Arabia'}",SAU,1992,18.8534,,,1,fallback_demo
"{'id': 'IT.NET.USER.ZS', 'value': 'Individuals using the Internet (% of population)'}","{'id': 'SA', 'value': 'Saudi Arabia'}",SAU,1993,20.9915,,,1,fallback_demo
"{'id': 'IT.NET.USER.ZS', 'value': 'Individuals using the Internet (% of population)'}","{'id': 'SA', 'value': 'Saudi Arabia'}",SAU,1994,23.2173,,,1,fallback_demo
"{'id': 'IT.NET.USER.ZS', 'value': 'Individuals using the Internet (% of population)'}","{'id': 'SA', 'value': 'Saudi Arabia'}",SAU,1995,25.5236,,,1,fallback_demo
"{'id': 'IT.NET.USER.ZS', 'value': 'Individuals using the Internet (% of population)'}","{'id': 'SA', 'value': 'Saudi Arabia'}",SAU,1996,27.9022,,,1,fallback_demo
"{'id': 'IT.NET.USER.ZS', 'value': 'Individuals using the Internet (% of population)'}","{'id': 'SA', 'value': 'Saudi Arabia'}",SAU,1997,30.3433,,,1,fallback_demo
"{'id': 'IT.NET.USER.ZS', 'value': 'Individuals using the Internet (% of population)'}","{'id': 'SA', 'value': 'Saudi Arabia'}",SAU,1998,32.8359,,,1,fallback_demo
"{'id': 'IT.NET.USER.ZS', 'value': 'Individuals using the Internet (% of population)'}","{'id': 'SA', 'value': 'Saudi Arabia'}",SAU,1999,35.3681,,,1,fallback_demo
"{'id': 'IT.NET.USER.ZS', 'value': 'Individuals using the Internet (% of population)'}","{'id': 'SA', 'value': 'Saudi Arabia'}",SAU,2000,37.9273,,,1,fallback_demo
"{'id': 'IT.NET.USER.ZS', 'value': 'Individuals using the Internet (% of population)'}","{'id': 'SA', 'value': 'Saudi Arabia'}",SAU,2001,40.5,,,1,fallback_demo
"{'id': 'IT.NET.USER.ZS', 'value': 'Individuals using the Internet (% of population)'}","{'id': 'SA', 'value': 'Saudi Arabia'}",SAU,2002,43.0727,,,1,fallback_demo
"{'id': 'IT.NET.USER.ZS', 'value': 'Individuals using the Internet (% of population)'}","{'id': 'SA', 'value': 'Saudi Arabia'}",SAU,2003,45.6319,,,1,fallback_demo
"{'id': 'IT.NET.USER.ZS', 'value': 'Individuals using the Internet (% of population)'}","{'id': 'SA', 'value': 'Saudi Arabia'}",SAU,2004,48.1641,,,1,fallback_demo
"{'id': 'IT.NET.USER.ZS', 'value': 'Individuals using the Internet (% of population)'}","{'id': 'SA', 'value': 'Saudi Arabia'}",SAU,2005,50.6567,,,1,fallback_demo
"{'id': 'IT.NET.USER.ZS', 'value': 'Individuals using the Internet (% of population)'}","{'id': 'SA', 'value': 'Saudi Arabia'}",SAU,2006,53.0978,,,1,fallback_demo
"{'id': 'IT.NET.USER.ZS', 'value': 'Individuals using the Internet (% of population)'}","{'id': 'SA', 'value': 'Saudi Arabia'}",SAU,2007,55.4764,,,1,fallback_demo
"{'id': 'IT.NET.USER.ZS', 'value': 'Individuals using the Internet (% of population)'}","{'id': 'SA', 'value': 'Saudi Arabia'}",SAU,2008,57.7827,,,1,fallback_demo
"{'id': 'IT.NET.USER.ZS', 'value': 'Individuals using the Internet (% of population)'}","{'id': 'SA', 'value': 'Saudi Arabia'}",SAU,2009,60.0085,,,1,fallback_demo
"{'id': 'IT.NET.USER.ZS', 'value': 'Individuals using the Internet (% of population)'}","{'id': 'SA', 'value': 'Saudi Arabia'}",SAU,2010,62.1466,,,1,fallback_demo
"{'id': 'IT.NET.USER.ZS', 'value': 'Individuals using the Internet (% of population)'}","{'id': 'SA', 'value': 'Saudi Arabia'}",SAU,2011,64.1916,,,1,fallback_demo
"{'id': 'IT.NET.USER.ZS', 'value': 'Individuals using the Internet (% of population)'}","{'id': 'SA', 'value': 'Saudi Arabia'}",SAU,2012,66.1392,,,1,fallback_demo
"{'id': 'IT.NET.USER.ZS', 'value': 'Individuals using the Internet (% of population)'}","{'id': 'SA', 'value': 'Saudi Arabia'}",SAU,2013,67.9867,,,1,fallback_demo
"{'id': 'IT.NET.USER.ZS', 'value': 'Individuals using the Internet (% of population)'}","{'id': 'SA', 'value': 'Saudi Arabia'}",SAU,2014,69.7325,,,1,fallback_demo
"{'id': 'IT.NET.USER.ZS', 'value': 'Individuals using the Internet (% of population)'}","{'id': 'SA', 'value': 'Saudi Arabia'}",SAU,2015,71.3764,,,1,fallback_demo
"{'id': 'IT.NET.USER.ZS', 'value': 'Individuals using the Internet (% of population)'}","{'id': 'SA', 'value': 'Saudi Arabia'}",SAU,2016,72.919,,,1,fallback_demo
"{'id': 'IT.NET.USER.ZS', 'value': 'Individuals using the Internet (% of population)'}","{'id': 'SA', 'value': 'Saudi Arabia'}",SAU,2017,74.3621,,,1,fallback_demo
"{'id': 'IT.NET.USER.ZS', 'value': 'Individuals using the Internet (% of population)'}","{'id': 'SA', 'value': 'Saudi Arabia'}",SAU,2018,75.7079,,,1,fallback_demo
"{'id': 'IT.NET.USER.ZS', 'value': 'Individuals using the Internet (% of population)'}","{'id': 'SA', 'value': 'Saudi Arabia'}",SAU,2019,76.9596,,,1,fallback_demo
"{'id': 'IT.NET.USER.ZS', 'value': 'Individuals using the Internet (% of population)'}","{'id': 'SA', 'value': 'Saudi Arabia'}",SAU,2020,78.1208,,,1,fallback_demo
"{'id': 'IT.NET.USER.ZS', 'value': 'Individuals using the Internet (% of population)'}","{'id': 'SA', 'value': 'Saudi Arabia'}",SAU,2021,79.1954,,,1,fallback_demo
"{'id': 'IT.NET.USER.ZS', 'value': 'Individuals using the Internet (% of population)'}","{'id': 'SA', 'value': 'Saudi Arabia'}",SAU,2022,80.1877,,,1,fallback_demo
"{'id': 'IT.NET.USER.ZS', 'value': 'Individuals using the Internet (% of population)'}","{'id': 'SA', 'value': 'Saudi Arabia'}",SAU,2023,81.1022,,,1,fallback_demo
"{'id': 'IT.NET.USER.ZS', 'value': 'Individuals using the Internet (% of population)'}","{'id': 'SA', 'value': 'Saudi Arabia'}",SAU,2024,81.9433,,,1,fallback_demo
"{'id': 'IT.NET.USER.ZS', 'value': 'Individuals using the Internet (% of population)'}","{'id': 'TR', 'value': 'Turkiye'}",TUR,1960,,,,1,fallback_demo
"{'id': 'IT.NET.USER.ZS', 'value': 'Individuals using the Internet (% of population)'}","{'id': 'TR', 'value': 'Turkiye'}",TUR,1961,,,,1,fallback_demo
"{'id': 'IT.NET.USER.ZS', 'value': 'Individuals using the Internet (% of population)'}","{'id': 'TR', 'value': 'Turkiye'}",TUR,1962,,,,1,fallback_demo
"{'id': 'IT.NET.USER.ZS', 'value': 'Individuals using the Internet (% of population)'}","{'id': 'TR', 'value': 'Turkiye'}",TUR,1963,,,,1,fallback_demo
"{'id': 'IT.NET.USER.ZS', 'value': 'Individuals using the Internet (% of population)'}","{'id': 'TR', 'value': 'Turkiye'}",TUR,1964,,,,1,fallback_demo
"{'id': 'IT.NET.USER.ZS', 'value': 'Individuals using the Internet (% of population)'}","{'id': 'TR', 'value': 'Turkiye'}",TUR,1965,,,,1,fallback_demo
"{'id': 'IT.NET.USER.ZS', 'value': 'Individuals using the Internet (% of population)'}","{'id': 'TR', 'value': 'Turkiye'}",TUR,1966,,,,1,fallback_demo
"{'id': 'IT.NET.USER.ZS', 'value': 'Individuals using the Internet (% of population)'}","{'id': 'TR', 'value': 'Turkiye'}",TUR,1967,,,,1,fallback_demo
"{'id': 'IT.NET.USER.ZS', 'value': 'Individuals using the Internet (% of population)'}","{'id': 'TR', 'value': 'Turkiye'}",TUR,1968,,,,1,fallback_demo
"{'id': 'IT.NET.USER.ZS', 'value': 'Individuals using the Internet (% of population)'}","{'id': 'TR', 'value': 'Turkiye'}",TUR,1969,,,,1,fallback_demo
"{'id': 'IT.NET.USER.ZS', 'value': 'Individuals using the Internet (% of population)'}","{'id': 'TR', 'value': 'Turkiye'}",TUR,1970,,,,1,fallback_demo
"{'id': 'IT.NET.USER.ZS', 'value': 'Individuals using the Internet (% of population)'}","{'id': 'TR', 'value': 'Turkiye'}",TUR,1971,,,,1,fallback_demo
"{'id': 'IT.NET.USER.ZS', 'value': 'Individuals using the Internet (% of population)'}","{'id': 'TR', 'value': 'Turkiye'}",TUR,1972,,,,1,fallback_demo
"{'id': 'IT.NET.USER.ZS', 'value': 'Individuals using the Internet (% of population)'}","{'id': 'TR', 'value': 'Turkiye'}",TUR,1973,,,,1,fallback_demo
"{'id': 'IT.NET.USER.ZS', 'value': 'Individuals using the Internet (% of population)'}","{'id': 'TR', 'value': 'Turkiye'}",TUR,1974,,,,1,fallback_demo
"{'id': 'IT.NET.USER.ZS', 'value': 'Individuals using the Internet (% of population)'}","{'id': 'TR', 'value': 'Turkiye'}",TUR,1975,,,,1,fallback_demo
"{'id': 'IT.NET.USER.ZS', 'value': 'Individuals using the Internet (% of population)'}","{'id': 'TR', 'value': 'Turkiye'}",TUR,1976,,,,1,fallback_demo
"{'id': 'IT.NET.USER.ZS', 'value': 'Individuals using the Internet (% of population)'}","{'id': 'TR', 'value': 'Turkiye'}",TUR,1977,,,,1,fallback_demo
"{'id': 'IT.NET.USER.ZS', 'value': 'Individuals using the Internet (% of population)'}","{'id': 'TR', 'value': 'Turkiye'}",TUR,1978,,,,1,fallback_demo
"{'id': 'IT.NET.USER.ZS', 'value': 'Individuals using the Internet (% of population)'}","{'id': 'TR', 'value': 'Turkiye'}",TUR,1979,,,,1,fallback_demo
"{'id': 'IT.NET.USER.ZS', 'value': 'Individuals using the Internet (% of population)'}","{'id': 'TR', 'value': 'Turkiye'}",TUR,1980,0.0,,,1,fallback_demo
"{'id': 'IT.NET.USER.ZS', 'value': 'Individuals using the Internet (% of population)'}","{'id': 'TR', 'value': 'Turkiye'}",TUR,1981,0.0,,,1,fallback_demo
"{'id': 'IT.NET.USER.ZS', 'value': 'Individuals using the Internet (% of population)'}","{'id': 'TR', 'value': 'Turkiye'}",TUR,1982,0.0,,,1,fallback_demo
"{'id': 'IT.NET.USER.ZS', 'value': 'Individuals using the Internet (% of population)'}","{'id': 'TR', 'value': 'Turkiye'}",TUR,1983,0.6225,,,1,fallback_demo
"{'id': 'IT.NET.USER.ZS', 'value': 'Individuals using the Internet (% of population)'}","{'id': 'TR', 'value': 'Turkiye'}",TUR,1984,1.7413,,,1,fallback_demo
"{'id': 'IT.NET.USER.ZS', 'value': 'Individuals using the Internet (% of population)'}","{'id': 'TR', 'value': 'Turkiye'}",TUR,1985,2.9587,,,1,fallback_demo
"{'id': 'IT.NET.USER.ZS', 'value': 'Individuals using the Internet (% of population)'}","{'id': 'TR', 'value': 'Turkiye'}",TUR,1986,4.2798,,,1,fallback_demo
"{'id': 'IT.NET.USER.ZS', 'value': 'Individuals using the Internet (% of population)'}","{'id': 'TR', 'value': 'Turkiye'}",TUR,1987,5.7092,,,1,fallback_demo
"{'id': 'IT.NET.USER.ZS', 'value': 'Individuals using the Internet (% of population)'}","{'id': 'TR', 'value': 'Turkiye'}",TUR,1988,7.2509,,,1,fallback_demo
"{'id': 'IT.NET.USER.ZS', 'value': 'Individuals using the Internet (% of population)'}","{'id': 'TR', 'value': 'Turkiye'}",TUR,1989,8.9081,,,1,fallback_demo
"{'id': 'IT.NET.USER.ZS', 'value': 'Individuals using the Internet (% of population)'}","{'id': 'TR', 'value': 'Turkiye'}",TUR,1990,10.6829,,,1,fallback_demo
"{'id': 'IT.NET.USER.ZS', 'value': 'Individuals using the Internet (% of population)'}","{'id': 'TR', 'value': 'Turkiye'}",TUR,1991,12.5761,,,1,fallback_demo
"{'id': 'IT.NET.USER.ZS', 'value': 'Individuals using the Internet (% of population)'}","{'id': 'TR', 'value': 'Turkiye'}",TUR,1992,14.5871,,,1,fallback_demo
"{'id': 'IT.NET.USER.ZS', 'value': 'Individuals using the Internet (% of population)'}","{'id': 'TR', 'value': 'Turkiye'}",TUR,1993,16.7138,,,1,fallback_demo
"{'id': 'IT.NET.USER.ZS', 'value': 'Individuals using the Internet (% of population)'}","{'id': 'TR', 'value': 'Turkiye'}",TUR,1994,18.9523,,,1,fallback_demo
"{'id': 'IT.NET.USER.ZS', 'value': 'Individuals using the Internet (% of population)'}","{'id': 'TR', 'value': 'Turkiye'}",TUR,1995,21.2967,,,1,fallback_demo
"{'id': 'IT.NET.USER.ZS', 'value': 'Individuals using the Internet (% of population)'}","{'id': 'TR', 'value': 'Turkiye'}",TUR,1996,23.7393,,,1,fallback_demo
"{'id': 'IT.NET.USER.ZS', 'value': 'Individuals using the Internet (% of population)'}","{'id': 'TR', 'value': 'Turkiye'}",TUR,1997,26.2705,,,1,fallback_demo
"{'id': 'IT.NET.USER.ZS', 'value': 'Individuals using the Internet (% of population)'}","{'id': 'TR', 'value': 'Turkiye'}",TUR,1998,28.8788,,,1,fallback_demo
"{'id': 'IT.NET.USER.ZS', 'value': 'Individuals using the Internet (% of population)'}","{'id': 'TR', 'value': 'Turkiye'}",TUR,1999,31.5511,,,1,fallback_demo
"{'id': 'IT.NET.USER.ZS', 'value': 'Individuals using the Internet (% of population)'}","{'id': 'TR', 'value': 'Turkiye'}",TUR,2000,34.2727,,,1,fallback_demo
"{'id': 'IT.NET.USER.ZS', 'value': 'Individuals using the Internet (% of population)'}","{'id': 'TR', 'value': 'Turkiye'}",TUR,2001,37.0278,,,1,fallback_demo
"{'id': 'IT.NET.USER.ZS', 'value': 'Individuals using the Internet (% of population)'}","{'id': 'TR', 'value': 'Turkiye'}",TUR,2002,39.8,,,1,fallback_demo
"{'id': 'IT.NET.USER.ZS', 'value': 'Individuals using the Internet (% of population)'}","{'id': 'TR', 'value': 'Turkiye'}",TUR,2003,42.5722,,,1,fallback_demo
"{'id': 'IT.NET.USER.ZS', 'value': 'Individuals using the Internet (% of population)'}","{'id': 'TR', 'value': 'Turkiye'}",TUR,2004,45.3273,,,1,fallback_demo
"{'id': 'IT.NET.USER.ZS', 'value': 'Individuals using the Internet (% of population)'}","{'id': 'TR', 'value': 'Turkiye'}",TUR,2005,48.0489,,,1,fallback_demo
"{'id': 'IT.NET.USER.ZS', 'value': 'Individuals using the Internet (% of population)'}","{'id': 'TR', 'value': 'Turkiye'}",TUR,2006,50.7212,,,1,fallback_demo
"{'id': 'IT.NET.USER.ZS', 'value': 'Individuals using the Internet (% of population)'}","{'id': 'TR', 'value': 'Turkiye'}",TUR,2007,53.3295,,,1,fallback_demo
"{'id': 'IT.NET.USER.ZS', 'value': 'Individuals using the Internet (% of population)'}","{'id': 'TR', 'value': 'Turkiye'}",TUR,2008,55.8607,,,1,fallback_demo
"{'id': 'IT.NET.USER.ZS', 'value': 'Individuals using the Internet (% of population)'}","{'id': 'TR', 'value': 'Turkiye'}",TUR,2009,58.3033,,,1,fallback_demo
"{'id': 'IT.NET.USER.ZS', 'value': 'Individuals using the Internet (% of population)'}","{'id': 'TR', 'value': 'Turkiye'}",TUR,2010,60.6477,,,1,fallback_demo
"{'id': 'IT.NET.USER.ZS', 'value': 'Individuals using the Internet (% of population)'}","{'id': 'TR', 'value': 'Turkiye'}",TUR,2011,62.8862,,,1,fallback_demo
"{'id': 'IT.NET.USER.ZS', 'value': 'Individuals using the Internet (% of population)'}","{'id': 'TR', 'value': 'Turkiye'}",TUR,2012,65.0129,,,1,fallback_demo
"{'id': 'IT.NET.USER.ZS', 'value': 'Individuals using the Internet (% of population)'}","{'id': 'TR', 'value': 'Turkiye'}",TUR,2013,67.0239,,,1,fallback_demo
"{'id': 'IT.NET.USER.ZS', 'value': 'Individuals using the Internet (% of population)'}","{'id': 'TR', 'value': 'Turkiye'}",TUR,2014,68.9171,,,1,fallback_demo
"{'id': 'IT.NET.USER.ZS', 'value': 'Individuals using the Internet (% of population)'}","{'id': 'TR', 'value': 'Turkiye'}",TUR,2015,70.6919,,,1,fallback_demo
"{'id': 'IT.NET.USER.ZS', 'value': 'Individuals using the Internet (% of population)'}","{'id': 'TR', 'value': 'Turkiye'}",TUR,2016,72.3491,,,1,fallback_demo
"{'id': 'IT.NET.USER.ZS', 'value': 'Individuals using the Internet (% of population)'}","{'id': 'TR', 'value': 'Turkiye'}",TUR,2017,73.8908,,,1,fallback_demo
"{'id': 'IT.NET.USER.ZS', 'value': 'Individuals using the Internet (% of population)'}","{'id': 'TR', 'value': 'Turkiye'}",TUR,2018,75.3202,,,1,fallback_demo
"{'id': 'IT.NET.USER.ZS', 'value': 'Individuals using the Internet (% of population)'}","{'id': 'TR', 'value': 'Turkiye'}",TUR,2019,76.6413,,,1,fallback_demo
"{'id': 'IT.NET.USER.ZS', 'value': 'Individuals using the Internet (% of population)'}","{'id': 'TR', 'value': 'Turkiye'}",TUR,2020,77.8587,,,1,fallback_demo
"{'id': 'IT.NET.USER.ZS', 'value': 'Individuals using the Internet (% of population)'}","{'id': 'TR', 'value': 'Turkiye'}",TUR,2021,78.9775,,,1,fallback_demo
"{'id': 'IT.NET.USER.ZS', 'value': 'Individuals using the Internet (% of population)'}","{'id': 'TR', 'value': 'Turkiye'}",TUR,2022,80.0031,,,1,fallback_demo
"{'id': 'IT.NET.USER.ZS', 'value': 'Individuals using the Internet (% of population)'}","{'id': 'TR', 'value': 'Turkiye'}",TUR,2023,80.9412,,,1,fallback_demo
"{'id': 'IT.NET.USER.ZS', 'value': 'Individuals using the Internet (% of population)'}","{'id': 'TR', 'value': 'Turkiye'}",TUR,2024,81.7974,,,1,fallback_demo
"{'id': 'IT.NET.USER.ZS', 'value': 'Individuals using the Internet (% of population)'}","{'id': 'AR', 'value': 'Argentina'}",ARG,1960,,,,1,fallback_demo
"{'id': 'IT.NET.USER.ZS', 'value': 'Individuals using the Internet (% of population)'}","{'id': 'AR', 'value': 'Argentina'}",ARG,1961,,,,1,fallback_demo
"{'id': 'IT.NET.USER.ZS', 'value': 'Individuals using the Internet (% of population)'}","{'id': 'AR', 'value': 'Argentina'}",ARG,1962,,,,1,fallback_demo
"{'id': 'IT.NET.USER.ZS', 'value': 'Individuals using the Internet (% of population)'}","{'id': 'AR', 'value': 'Argentina'}",ARG,1963,,,,1,fallback_demo
"{'id': 'IT.NET.USER.ZS', 'value': 'Individuals using the Internet (% of population)'}","{'id': 'AR', 'value': 'Argentina'}",ARG,1964,,,,1,fallback_demo
"{'id': 'IT.NET.USER.ZS', 'value': 'Individuals using the Internet (% of population)'}","{'id': 'AR', 'value': 'Argentina'}",ARG,1965,,,,1,fallback_demo
"{'id': 'IT.NET.USER.ZS', 'value': 'Individuals using the Internet (% of population)'}","{'id': 'AR', 'value': 'Argentina'}",ARG,1966,,,,1,fallback_demo
"{'id': 'IT.NET.USER.ZS', 'value': 'Individuals using the Internet (% of population)'}","{'id': 'AR', 'value': 'Argentina'}",ARG,1967,,,,1,fallback_demo
"{'id': 'IT.NET.USER.ZS', 'value': 'Individuals using the Internet (% of population)'}","{'id': 'AR', 'value': 'Argentina'}",ARG,1968,,,,1,fallback_demo
"{'id': 'IT.NET.USER.ZS', 'value': 'Individuals using the Internet (% of population)'}","{'id': 'AR', 'value': 'Argentina'}",ARG,1969,,,,1,fallback_demo
"{'id': 'IT.NET.USER.ZS', 'value': 'Individuals using the Internet (% of population)'}","{'id': 'AR', 'value': 'Argentina'}",ARG,1970,,,,1,fallback_demo
"{'id': 'IT.NET.USER.ZS', 'value': 'Individuals using the Internet (% of population)'}","{'id': 'AR', 'value': 'Argentina'}",ARG,1971,,,,1,fallback_demo
"{'id': 'IT.NET.USER.ZS', 'value': 'Individuals using the Internet (% of population)'}","{'id': 'AR', 'value': 'Argentina'}",ARG,1972,,,,1,fallback_demo
"{'id': 'IT.NET.USER.ZS', 'value': 'Individuals using the Internet (% of population)'}","{'id': 'AR', 'value': 'Argentina'}",ARG,1973,,,,1,fallback_demo
"{'id': 'IT.NET.USER.ZS', 'value': 'Individuals using the Internet (% of population)'}","{'id': 'AR', 'value': 'Argentina'}",ARG,1974,,,,1,fallback_demo
"{'id': 'IT.NET.USER.ZS', 'value': 'Individuals using the Internet (% of population)'}","{'id': 'AR', 'value': 'Argentina'}",ARG,1975,,,,1,fallback_demo
"{'id': 'IT.NET.USER.ZS', 'value': 'Individuals using the Internet (% of population)'}","{'id': 'AR', 'value': 'Argentina'}",ARG,1976,,,,1,fallback_demo
"{'id': 'IT.NET.USER.ZS', 'value': 'Individuals using the Internet (% of population)'}","{'id': 'AR', 'value': 'Argentina'}",ARG,1977,,,,1,fallback_demo
"{'id': 'IT.NET.USER.ZS', 'value': 'Individuals using the Internet (% of population)'}","{'id': 'AR', 'value': 'Argentina'}",ARG,1978,,,,1,fallback_demo
"{'id': 'IT.NET.USER.ZS', 'value': 'Individuals using the Internet (% of population)'}","{'id': 'AR', 'value': 'Argentina'}",ARG,1979,,,,1,fallback_demo
"{'id': 'IT.NET.USER.ZS', 'value': 'Individuals using the Internet (% of population)'}","{'id': 'AR', 'value': 'Argentina'}",ARG,1980,0.0,,,1,fallback_demo
"{'id': 'IT.NET.USER.ZS', 'value': 'Individuals using the Internet (% of population)'}","{'id': 'AR', 'value': 'Argentina'}",ARG,1981,0.0,,,1,fallback_demo
"{'id': 'IT.NET.USER.ZS', 'value': 'Individuals using the Internet (% of population)'}","{'id': 'AR', 'value': 'Argentina'}",ARG,1982,0.0,,,1,fallback_demo
"{'id': 'IT.NET.USER.ZS', 'value': 'Individuals using the Internet (% of population)'}","{'id': 'AR', 'value': 'Argentina'}",ARG,1983,0.0,,,1,fallback_demo
"{'id': 'IT.NET.USER.ZS', 'value': 'Individuals using the Internet (% of population)'}","{'id': 'AR', 'value': 'Argentina'}",ARG,1984,0.0,,,1,fallback_demo
"{'id': 'IT.NET.USER.ZS', 'value': 'Individuals using the Internet (% of population)'}","{'id': 'AR', 'value': 'Argentina'}",ARG,1985,0.0,,,1,fallback_demo
"{'id': 'IT.NET.USER.ZS', 'value': 'Individuals using the Internet (% of population)'}","{'id': 'AR', 'value': 'Argentina'}",ARG,1986,0.7809,,,1,fallback_demo
"{'id': 'IT.NET.USER.ZS', 'value': 'Individuals using the Internet (% of population)'}","{'id': 'AR', 'value': 'Argentina'}",ARG,1987,2.0656,,,1,fallback_demo
"{'id': 'IT.NET.USER.ZS', 'value': 'Individuals using the Internet (% of population)'}","{'id': 'AR', 'value': 'Argentina'}",ARG,1988,3.4687,,,1,fallback_demo
"{'id': 'IT.NET.USER.ZS', 'value': 'Individuals using the Internet (% of population)'}","{'id': 'AR', 'value': 'Argentina'}",ARG,1989,4.9958,,,1,fallback_demo
"{'id': 'IT.NET.USER.ZS', 'value': 'Individuals using the Internet (% of population)'}","{'id': 'AR', 'value': 'Argentina'}",ARG,1990,6.652,,,1,fallback_demo
"{'id': 'IT.NET.USER.ZS', 'value': 'Individuals using the Internet (% of population)'}","{'id': 'AR', 'value': 'Argentina'}",ARG,1991,8.441,,,1,fallback_demo
"{'id': 'IT.NET.USER.ZS', 'value': 'Individuals using the Internet (% of population)'}","{'id': 'AR', 'value': 'Argentina'}",ARG,1992,10.3654,,,1,fallback_demo
"{'id': 'IT.NET.USER.ZS', 'value': 'Individuals using the Internet (% of population)'}","{'id': 'AR', 'value': 'Argentina'}",ARG,1993,12.4259,,,1,fallback_demo
"{'id': 'IT.NET.USER.ZS', 'value': 'Individuals using the Internet (% of population)'}","{'id': 'AR', 'value': 'Argentina'}",ARG,1994,14.6213,,,1,fallback_demo
"{'id': 'IT.NET.USER.ZS', 'value': 'Individuals using the Internet (% of population)'}","{'id': 'AR', 'value': 'Argentina'}",ARG,1995,16.9483,,,1,fallback_demo
"{'id': 'IT.NET.USER.ZS', 'value': 'Individuals using the Internet (% of population)'}","{'id': 'AR', 'value': 'Argentina'}",ARG,1996,19.4011,,,1,fallback_demo
"{'id': 'IT.NET.USER.ZS', 'value': 'Individuals using the Internet (% of population)'}","{'id': 'AR', 'value': 'Argentina'}",ARG,1997,21.9716,,,1,fallback_demo
"{'id': 'IT.NET.USER.ZS', 'value': 'Individuals using the Internet (% of population)'}","{'id': 'AR', 'value': 'Argentina'}",ARG,1998,24.6488,,,1,fallback_demo
"{'id': 'IT.NET.USER.ZS', 'value': 'Individuals using the Internet (% of population)'}","{'id': 'AR', 'value': 'Argentina'}",ARG,1999,27.4197,,,1,fallback_demo
"{'id': 'IT.NET.USER.ZS', 'value': 'Individuals using the Internet (% of population)'}","{'id': 'AR', 'value': 'Argentina'}",ARG,2000,30.2686,,,1,fallback_demo
"{'id': 'IT.NET.USER.ZS', 'value': 'Individuals using the Internet (% of population)'}","{'id': 'AR', 'value': 'Argentina'}",ARG,2001,33.1779,,,1,fallback_demo
"{'id': 'IT.NET.USER.ZS', 'value': 'Individuals using the Internet (% of population)'}","{'id': 'AR', 'value': 'Argentina'}",ARG,2002,36.1285,,,1,fallback_demo
"{'id': 'IT.NET.USER.ZS', 'value': 'Individuals using the Internet (% of population)'}","{'id': 'AR', 'value': 'Argentina'}",ARG,2003,39.1,,,1,fallback_demo
"{'id': 'IT.NET.USER.ZS', 'value': 'Individuals using the Internet (% of population)'}","{'id': 'AR', 'value': 'Argentina'}",ARG,2004,42.0715,,,1,fallback_demo
"{'id': 'IT.NET.USER.ZS', 'value': 'Individuals using the Internet (% of population)'}","{'id': 'AR', 'value': 'Argentina'}",ARG,2005,45.0221,,,1,fallback_demo
"{'id': 'IT.NET.USER.ZS', 'value': 'Individuals using the Internet (% of population)'}","{'id': 'AR', 'value': 'Argentina'}",ARG,2006,47.9314,,,1,fallback_demo
"{'id': 'IT.NET.USER.ZS', 'value': 'Individuals using the Internet (% of population)'}","{'id': 'AR', 'value': 'Argentina'}",ARG,2007,50.7803,,,1,fallback_demo
"{'id': 'IT.NET.USER.ZS', 'value': 'Individuals using the Internet (% of population)'}","{'id': 'AR', 'value': 'Argentina'}",ARG,2008,53.5512,,,1,fallback_demo
"{'id': 'IT.NET.USER.ZS', 'value': 'Individuals using the Internet (% of population)'}","{'id': 'AR', 'value': 'Argentina'}",ARG,2009,56.2284,,,1,fallback_demo
"{'id': 'IT.NET.USER.ZS', 'value': 'Individuals using the Internet (% of population)'}","{'id': 'AR', 'value': 'Argentina'}",ARG,2010,58.7989,,,1,fallback_demo
"{'id': 'IT.NET.USER.ZS', 'value': 'Individuals using the Internet (% of population)'}","{'id': 'AR', 'value': 'Argentina'}",ARG,2011,61.2517,,,1,fallback_demo
"{'id': 'IT.NET.USER.ZS', 'value': 'Individuals using the Internet (% of population)'}","{'id': 'AR', 'value': 'Argentina'}",ARG,2012,63.5787,,,1,fallback_demo
"{'id': 'IT.NET.USER.ZS', 'value': 'Individuals using the Internet (% of population)'}","{'id': 'AR', 'value': 'Argentina'}",ARG,2013,65.7741,,,1,fallback_demo
"{'id': 'IT.NET.USER.ZS', 'value': 'Individuals using the Internet (% of population)'}","{'id': 'AR', 'value': 'Argentina'}",ARG,2014,67.8346,,,1,fallback_demo
"{'id': 'IT.NET.USER.ZS', 'value': 'Individuals using the Internet (% of population)'}","{'id': 'AR', 'value': 'Argentina'}",ARG,2015,69.759,,,1,fallback_demo
"{'id': 'IT.NET.USER.ZS', 'value': 'Individuals using the Internet (% of population)'}","{'id': 'AR', 'value': 'Argentina'}",ARG,2016,71.548,,,1,fallback_demo
"{'id': 'IT.NET.USER.ZS', 'value': 'Individuals using the Internet (% of population)'}","{'id': 'AR', 'value': 'Argentina'}",ARG,2017,73.2042,,,1,fallback_demo
"{'id': 'IT.NET.USER.ZS', 'value': 'Individuals using the Internet (% of population)'}","{'id': 'AR', 'value': 'Argentina'}",ARG,2018,74.7313,,,1,fallback_demo
"{'id': 'IT.NET.USER.ZS', 'value': 'Individuals using the Internet (% of population)'}","{'id': 'AR', 'value': 'Argentina'}",ARG,2019,76.1344,,,1,fallback_demo
"{'id': 'IT.NET.USER.ZS', 'value': 'Individuals using the Internet (% of population)'}","{'id': 'AR', 'value': 'Argentina'}",ARG,2020,77.4191,,,1,fallback_demo
"{'id': 'IT.NET.USER.ZS', 'value': 'Individuals using the Internet (% of population)'}","{'id': 'AR', 'value': 'Argentina'}",ARG,2021,78.5919,,,1,fallback_demo
"{'id': 'IT.NET.USER.ZS', 'value': 'Individuals using the Internet (% of population)'}","{'id': 'AR', 'value': 'Argentina'}",ARG,2022,79.6595,,,1,fallback_demo
"{'id': 'IT.NET.USER.ZS', 'value': 'Individuals using the Internet (% of population)'}","{'id': 'AR', 'value': 'Argentina'}",ARG,2023,80.6289,,,1,fallback_demo
"{'id': 'IT.NET.USER.ZS', 'value': 'Individuals using the Internet (% of population)'}","{'id': 'AR', 'value': 'Argentina'}",ARG,2024,81.5072,,,1,fallback_demo
"{'id': 'IT.NET.USER.ZS', 'value': 'Individuals using the Internet (% of population)'}","{'id': 'RU', 'value': 'Russian Federation'}",RUS,1960,,,,1,fallback_demo
"{'id': 'IT.NET.USER.ZS', 'value': 'Individuals using the Internet (% of population)'}","{'id': 'RU', 'value': 'Russian Federation'}",RUS,1961,,,,1,fallback_demo
"{'id': 'IT.NET.USER.ZS', 'value': 'Individuals using the Internet (% of population)'}","{'id': 'RU', 'value': 'Russian Federation'}",RUS,1962,,,,1,fallback_demo
"{'id': 'IT.NET.USER.ZS', 'value': 'Individuals using the Internet (% of population)'}","{'id': 'RU', 'value': 'Russian Federation'}",RUS,1963,,,,1,fallback_demo
"{'id': 'IT.NET.USER.ZS', 'value': 'Individuals using the Internet (% of population)'}","{'id': 'RU', 'value': 'Russian Federation'}",RUS,1964,,,,1,fallback_demo
"{'id': 'IT.NET.USER.ZS', 'value': 'Individuals using the Internet (% of population)'}","{'id': 'RU', 'value': 'Russian Federation'}",RUS,1965,,,,1,fallback_demo
"{'id': 'IT.NET.USER.ZS', 'value': 'Individuals using the Internet (% of population)'}","{'id': 'RU', 'value': 'Russian Federation'}",RUS,1966,,,,1,fallback_demo
"{'id': 'IT.NET.USER.ZS', 'value': 'Individuals using the Internet (% of population)'}","{'id': 'RU', 'value': 'Russian Federation'}",RUS,1967,,,,1,fallback_demo
"{'id': 'IT.NET.USER.ZS', 'value': 'Individuals using the Internet (% of population)'}","{'id': 'RU', 'value': 'Russian Federation'}",RUS,1968,,,,1,fallback_demo
"{'id': 'IT.NET.USER.ZS', 'value': 'Individuals using the Internet (% of population)'}","{'id': 'RU', 'value': 'Russian Federation'}",RUS,1969,,,,1,fallback_demo
"{'id': 'IT.NET.USER.ZS', 'value': 'Individuals using the Internet (% of population)'}","{'id': 'RU', 'value': 'Russian Federation'}",RUS,1970,,,,1,fallback_demo
"{'id': 'IT.NET.USER.ZS', 'value': 'Individuals using the Internet (% of population)'}","{'id': 'RU', 'value': 'Russian Federation'}",RUS,1971,,,,1,fallback_demo
"{'id': 'IT.NET.USER.ZS', 'value': 'Individuals using the Internet (% of population)'}","{'id': 'RU', 'value': 'Russian Federation'}",RUS,1972,,,,1,fallback_demo
"{'id': 'IT.NET.USER.ZS', 'value': 'Individuals using the Internet (% of population)'}","{'id': 'RU', 'value': 'Russian Federation'}",RUS,1973,,,,1,fallback_demo
"{'id': 'IT.NET.USER.ZS', 'value': 'Individuals using the Internet (% of population)'}","{'id': 'RU', 'value': 'Russian Federation'}",RUS,1974,,,,1,fallback_demo
"{'id': 'IT.NET.USER.ZS', 'value': 'Individuals using the Internet (% of population)'}","{'id': 'RU', 'value': 'Russian Federation'}",RUS,1975,,,,1,fallback_demo
"{'id': 'IT.NET.USER.ZS', 'value': 'Individuals using the Internet (% of population)'}","{'id': 'RU', 'value': 'Russian Federation'}",RUS,1976,,,,1,fallback_demo
"{'id': 'IT.NET.USER.ZS', 'value': 'Individuals using the Internet (% of population)'}","{'id': 'RU', 'value': 'Russian Federation'}",RUS,1977,,,,1,fallback_demo
"{'id': 'IT.NET.USER.ZS', 'value': 'Individuals using the Internet (% of population)'}","{'id': 'RU', 'value': 'Russian Federation'}",RUS,1978,,,,1,fallback_demo
"{'id': 'IT.NET.USER.ZS', 'value': 'Individuals using the Internet (% of population)'}","{'id': 'RU', 'value': 'Russian Federation'}",RUS,1979,,,,1,fallback_demo
"{'id': 'IT.NET.USER.ZS', 'value': 'Individuals using the Internet (% of population)'}","{'id': 'RU', 'value': 'Russian Federation'}",RUS,1980,0.0,,,1,fallback_demo
"{'id': 'IT.NET.USER.ZS', 'value': 'Individuals using the Internet (% of population)'}","{'id': 'RU', 'value': 'Russian Federation'}",RUS,1981,0.0,,,1,fallback_demo
"{'id': 'IT.NET.USER.ZS', 'value': 'Individuals using the Internet (% of population)'}","{'id': 'RU', 'value': 'Russian Federation'}",RUS,1982,0.0,,,1,fallback_demo
"{'id': 'IT.NET.USER.ZS', 'value': 'Individuals using the Internet (% of population)'}","{'id': 'RU', 'value': 'Russian Federation'}",RUS,1983,0.0,,,1,fallback_demo
"{'id': 'IT.NET.USER.ZS', 'value': 'Individuals using the Internet (% of population)'}","{'id': 'RU', 'value': 'Russian Federation'}",RUS,1984,0.0,,,1,fallback_demo
"{'id': 'IT.NET.USER.ZS', 'value': 'Individuals using the Internet (% of population)'}","{'id': 'RU', 'value': 'Russian Federation'}",RUS,1985,0.0,,,1,fallback_demo
"{'id': 'IT.NET.USER.ZS', 'value': 'Individuals using the Internet (% of population)'}","{'id': 'RU', 'value': 'Russian Federation'}",RUS,1986,0.0,,,1,fallback_demo
"{'id': 'IT.NET.USER.ZS', 'value': 'Individuals using the Internet (% of population)'}","{'id': 'RU', 'value': 'Russian Federation'}",RUS,1987,0.0,,,1,fallback_demo
"{'id': 'IT.NET.USER.ZS', 'value': 'Individuals using the Internet (% of population)'}","{'id': 'RU', 'value': 'Russian Federation'}",RUS,1988,0.0,,,1,fallback_demo
"{'id': 'IT.NET.USER.ZS', 'value': 'Individuals using the Internet (% of population)'}","{'id': 'RU', 'value': 'Russian Federation'}",RUS,1989,0.0,,,1,fallback_demo
"{'id': 'IT.NET.USER.ZS', 'value': 'Individuals using the Internet (% of population)'}","{'id': 'RU', 'value': 'Russian Federation'}",RUS,1990,0.0,,,1,fallback_demo
"{'id': 'IT.NET.USER.ZS', 'value': 'Individuals using the Internet (% of population)'}","{'id': 'RU', 'value': 'Russian Federation'}",RUS,1991,0.0,,,1,fallback_demo
"{'id': 'IT.NET.USER.ZS', 'value': 'Individuals using the Internet (% of population)'}","{'id': 'RU', 'value': 'Russian Federation'}",RUS,1992,0.0,,,1,fallback_demo
"{'id': 'IT.NET.USER.ZS', 'value': 'Individuals using the Internet (% of population)'}","{'id': 'RU', 'value': 'Russian Federation'}",RUS,1993,1.4293,,,1,fallback_demo
"{'id': 'IT.NET.USER.ZS', 'value': 'Individuals using the Internet (% of population)'}","{'id': 'RU', 'value': 'Russian Federation'}",RUS,1994,3.5257,,,1,fallback_demo
"{'id': 'IT.NET.USER.ZS', 'value': 'Individuals using the Internet (% of population)'}","{'id': 'RU', 'value': 'Russian Federation'}",RUS,1995,5.777,,,1,fallback_demo
"{'id': 'IT.NET.USER.ZS', 'value': 'Individuals using the Internet (% of population)'}","{'id': 'RU', 'value': 'Russian Federation'}",RUS,1996,8.1807,,,1,fallback_demo
"{'id': 'IT.NET.USER.ZS', 'value': 'Individuals using the Internet (% of population)'}","{'id': 'RU', 'value': 'Russian Federation'}",RUS,1997,10.7316,,,1,fallback_demo
"{'id': 'IT.NET.USER.ZS', 'value': 'Individuals using the Internet (% of population)'}","{'id': 'RU', 'value': 'Russian Federation'}",RUS,1998,13.4212,,,1,fallback_demo
"{'id': 'IT.NET.USER.ZS', 'value': 'Individuals using the Internet (% of population)'}","{'id': 'RU', 'value': 'Russian Federation'}",RUS,1999,16.2378,,,1,fallback_demo
"{'id': 'IT.NET.USER.ZS', 'value': 'Individuals using the Internet (% of population)'}","{'id': 'RU', 'value': 'Russian Federation'}",RUS,2000,19.1662,,,1,fallback_demo
"{'id': 'IT.NET.USER.ZS', 'value': 'Individuals using the Internet (% of population)'}","{'id': 'RU', 'value': 'Russian Federation'}",RUS,2001,22.1886,,,1,fallback_demo
"{'id': 'IT.NET.USER.ZS', 'value': 'Individuals using the Internet (% of population)'}","{'id': 'RU', 'value': 'Russian Federation'}",RUS,2002,25.2839,,,1,fallback_demo
"{'id': 'IT.NET.USER.ZS', 'value': 'Individuals using the Internet (% of population)'}","{'id': 'RU', 'value': 'Russian Federation'}",RUS,2003,28.4293,,,1,fallback_demo
"{'id': 'IT.NET.USER.ZS', 'value': 'Individuals using the Internet (% of population)'}","{'id': 'RU', 'value': 'Russian Federation'}",RUS,2004,31.6,,,1,fallback_demo
"{'id': 'IT.NET.USER.ZS', 'value': 'Individuals using the Internet (% of population)'}","{'id': 'RU', 'value': 'Russian Federation'}",RUS,2005,34.7707,,,1,fallback_demo
"{'id': 'IT.NET.USER.ZS', 'value': 'Individuals using the Internet (% of population)'}","{'id': 'RU', 'value': 'Russian Federation'}",RUS,2006,37.9161,,,1,fallback_demo
"{'id': 'IT.NET.USER.ZS', 'value': 'Individuals using the Internet (% of population)'}","{'id': 'RU', 'value': 'Russian Federation'}",RUS,2007,41.0114,,,1,fallback_demo
"{'id': 'IT.NET.USER.ZS', 'value': 'Individuals using the Internet (% of population)'}","{'id': 'RU', 'value': 'Russian Federation'}",RUS,2008,44.0338,,,1,fallback_demo
"{'id': 'IT.NET.USER.ZS', 'value': 'Individuals using the Internet (% of population)'}","{'id': 'RU', 'value': 'Russian Federation'}",RUS,2009,46.9622,,,1,fallback_demo
"{'id': 'IT.NET.USER.ZS', 'value': 'Individuals using the Internet (% of population)'}","{'id': 'RU', 'value': 'Russian Federation'}",RUS,2010,49.7788,,,1,fallback_demo
"{'id': 'IT.NET.USER.ZS', 'value': 'Individuals using the Internet (% of population)'}","{'id': 'RU', 'value': 'Russian Federation'}",RUS,2011,52.4684,,,1,fallback_demo
"{'id': 'IT.NET.USER.ZS', 'value': 'Individuals using the Internet (% of population)'}","{'id': 'RU', 'value': 'Russian Federation'}",RUS,2012,55.0193,,,1,fallback_demo
"{'id': 'IT.NET.USER.ZS', 'value': 'Individuals using the Internet (% of population)'}","{'id': 'RU', 'value': 'Russian Federation'}",RUS,2013,57.423,,,1,fallback_demo
"{'id': 'IT.NET.USER.ZS', 'value': 'Individuals using the Internet (% of population)'}","{'id': 'RU', 'value': 'Russian Federation'}",RUS,2014,59.6743,,,1,fallback_demo
"{'id': 'IT.NET.USER.ZS', 'value': 'Individuals using the Internet (% of population)'}","{'id': 'RU', 'value': 'Russian Federation'}",RUS,2015,61.7707,,,1,fallback_demo
"{'id': 'IT.NET.USER.ZS', 'value': 'Individuals using the Internet (% of population)'}","{'id': 'RU', 'value': 'Russian Federation'}",RUS,2016,63.7127,,,1,fallback_demo
"{'id': 'IT.NET.USER.ZS', 'value': 'Individuals using the Internet (% of population)'}","{'id': 'RU', 'value': 'Russian Federation'}",RUS,2017,65.5026,,,1,fallback_demo
"{'id': 'IT.NET.USER.ZS', 'value': 'Individuals using the Internet (% of population)'}","{'id': 'RU', 'value': 'Russian Federation'}",RUS,2018,67.145,,,1,fallback_demo
"{'id': 'IT.NET.USER.ZS', 'value': 'Individuals using the Internet (% of population)'}","{'id': 'RU', 'value': 'Russian Federation'}",RUS,2019,68.6456,,,1,fallback_demo
"{'id': 'IT.NET.USER.ZS', 'value': 'Individuals using the Internet (% of population)'}","{'id': 'RU', 'value': 'Russian Federation'}",RUS,2020,70.0116,,,1,fallback_demo
"{'id': 'IT.NET.USER.ZS', 'value': 'Individuals using the Internet (% of population)'}","{'id': 'RU', 'value': 'Russian Federation'}",RUS,2021,71.2507,,,1,fallback_demo
"{'id': 'IT.NET.USER.ZS', 'value': 'Individuals using the Internet (% of population)'}","{'id': 'RU', 'value': 'Russian Federation'}",RUS,2022,72.3711,,,1,fallback_demo
"{'id': 'IT.NET.USER.ZS', 'value': 'Individuals using the Internet (% of population)'}","{'id': 'RU', 'value': 'Russian Federation'}",RUS,2023,73.3813,,,1,fallback_demo
"{'id': 'IT.NET.USER.ZS', 'value': 'Individuals using the Internet (% of population)'}","{'id': 'RU', 'value': 'Russian Federation'}",RUS,2024,74.2899,,,1,fallback_demo
